file_name,transcription
data/baraa_5min_part0001.mp3,غدوا يوم فرح اختها النهار لي ستناتو بزاف غدوا
data/baraa_5min_part0002.mp3,تودع اخر فرد بقالها من العائلة بعد موت والديها بأكسيدون
data/baraa_5min_part0003.mp3,قبل ربعة سنين مشاعرها مخلطة مابين الفرحة لسعادة اختها وزواجها
data/baraa_5min_part0004.mp3,من الراجل لي حبها وحباتو وحزن لفراق اعز الناس ليها كان
data/baraa_5min_part0005.mp3,ت ليها الاخت والام والصديقة وكلشي مي دوام الحا
data/baraa_5min_part0006.mp3,ل من المحال ومبعد بدأت تفكر وتتخيل كون جات
data/baraa_5min_part0007.mp3,هيا العروسة في بلاصت ختها وتتزوج بمحمد حبيبها
data/baraa_5min_part0008.mp3,وبقات تتفكر فيه ضحكتو كلامو مشيتو وتضحك كي المهب
data/baraa_5min_part0009.mp3,ولة وفجأة يجيها ميساج يقطعلها الاحلام الوردية فتحت هاتفها
data/baraa_5min_part0010.mp3,وياليتها مافتحاتو ميليس عمري عمبالي حتكرهيني بزاف مي واش نديرو
data/baraa_5min_part0011.mp3,كل حكاية عندها نهاية وحكايتنا نهايتها اليوم ميش بيدي لازم
data/baraa_5min_part0012.mp3,علينا نتفارقو مكيش حتفهميني لوكان نشرحلك الظرف لي خلاني
data/baraa_5min_part0013.mp3,نقولك هاذ الكلام مي اليوم مستحيل نكملو  لازم نتفارقو حبي
data/baraa_5min_part0014.mp3,تك صح من قلبي محمد ضحكت بالصوت محمد امبوسيبل يديرها لال
data/baraa_5min_part0015.mp3,ا راني نحلم موحال غلقت عينيها وعاودت فتحتهم عشرة مرات
data/baraa_5min_part0016.mp3,مي والو هاذا الواقع ولازم تتقبلو  ولات تضحك بطريقة هيس
data/baraa_5min_part0017.mp3,تيرية ومبعد قلبتها بكاء يديها يرجفو سيات تعطيلو
data/baraa_5min_part0018.mp3,مي  لا لحياة لمن تنادي كامل لي تحبهم يروحو ويخلوها
data/baraa_5min_part0019.mp3,ولات تبكي وتقول يما يما بنتك معندهاش الزهر يما
data/baraa_5min_part0020.mp3,جرح فراقكم مزال مابردش زادلي جرح ثاني يما
data/baraa_5min_part0021.mp3,هذا هو لي حبيتو ووثقت فيه يما علاه خليتيني اديني
data/baraa_5min_part0022.mp3,معاك بقات جامدة ليل كامل ساعة تبكي وساعة تضحك على زهر
data/baraa_5min_part0023.mp3,ها جا الصباح  وهي ما شافتش النوم مسحت
data/baraa_5min_part0024.mp3,دمعتها لازم تخبي حزنها علاجال اختها مالازمش تبين ضعفها
data/baraa_5min_part0025.mp3,علأقل ليوم تمشي هايمة  جثة بلا روح  لازم تبين روحها
data/baraa_5min_part0026.mp3,فرحانة لازم الوووغ هاذي
data/baraa_5min_part0027.mp3,اول كخونيك ليا نتمنى نلقى الدعم بيسك راهي شوي طويلة حبكوم
data/baraa_5min_part0028.mp3,ميليس طفلة شابة سيفيليزي  قلبها بزاف بيض حنينة
data/baraa_5min_part0029.mp3,مي معندهاش الزهر  في عمرها ثمنطاش عام ربحت الباك وبعد مايكمال الصيف
data/baraa_5min_part0030.mp3,تروح تقرى فلجامعة مدرسة عليا ادب عربي محمد شباب
data/baraa_5min_part0031.mp3,مي خلاط زطايلي وسوكارجي في عمرو ربعة و عشرين سنة عندو سوبيرات يخدم في
data/baraa_5min_part0032.mp3,ها فوق قلبو تاع باباه
data/manel_part02_part11.mp3,معندناش نجيب سي موح طكسيور نديك لسبيطار ووهي لالا متعيطلوش لي خدمناهم نعطوهملو  ورمضان قرب خلي خلي راني موالفة يوم يومين نبرا
data/manel_part02_part12.mp3,تعمرو عينيا بالدمعة و شفت شعال والديا راهم يخمو علينا على حساب صحتهم  دخلو الشمبرتهم وانا رحت نشوف في بلاصة التقياء حشاكم
data/manel_part02_part13.mp3,واش بيها
data/manel_part03_part00.mp3,قلتلكم شفت يما تتقيأ هاكك وتبان مضرورة كي رحت لبلاصتها صبتها معمرة دم الدنيا دارت بيا
data/manel_part03_part01.mp3,خفت خفت من هذيك الضلمة وبديت نتخيل فالموت عندنا  رجعت نجري لفراشي و حکمت رکابیا بیدیا ودخلت راسي في كرشي
data/manel_part03_part02.mp3,وحكمتني الرعشة  فهذيك اللحظة مجانيش البكا جاني شعور وحدو شعور جامي حسيت بيه بت لي
data/manel_part03_part03.mp3,لة كاملة حالة عينيا و نقرا فالمستقبل مرقدتش حتى للفجر نضت توضيت وصليت ودعيت ربي باه ميكونش لي في بالي صحيح
data/manel_part03_part04.mp3,ناضت يما من موريا مسكينة رحت للكوزينة لحقتها هي مربعة كرعيها تخبز لنا فالخبيز باسكو كنا نبغوه بالقهوة و
data/manel_part03_part05.mp3,كانت الحاجة الوحيدة لي المكونات تاعها رخيسة و بنينة مريضة و مكانتش مخليتنا نروحو هاكك  هي تخبز وانا نتأمل فيها و نتأمل ف
data/manel_part03_part06.mp3,التفاصيل تاع وجها وحتى صباعتين تاع رجليها وغست فيها وسرحت حتى قاتلي ها نوضي روحي نوضي خاوتك راح عليهم الحال نوضي
data/manel_part03_part07.mp3,نضت نوض فيهم بلعقل وحالي مهوش عندي كامل وبقيت نشوف فيهم راقدين مساكن و غايضيني
data/manel_part03_part08.mp3,وجاني وحد الشعور تاع رايحة نعاني من للقدام  لبست وجيت رايحة بلا قهوة قاتلي يما رواحي تستقهواي قتلها لالا م
data/manel_part03_part09.mp3,نيش قادرة قاتلي لالا ستقهاوي باه متجيش من بعد  قتلها علاه  قاتلي الفطور ميكفيناش حنونتي باغية نسخن لخواتك هذاك العدس تاع البارح
data/manel_part04_part00.mp3,قاتلي روحي عند خالتك نعيمة فطري عندها انتي راكي بعيدة و نورمال كي تروحي عندها  مسكينة كنت متفهمة الوضع وكان علبالي
data/manel_part04_part01.mp3,بكلش بصح في قلبي بغيت نقلها ني باغية نجي نشوفك معليش مانكلش كي نشوفك نشبع المهم خزرت فيها وقتلها في روحي عندي
data/manel_part04_part02.mp3,قراية نقعد نقرا مع صحباتي رحت لهذاك السيام و عقلي كامل مهوش عندي وكي دخلت للكلاصة بقيت نشوف فالاستاذة
data/manel_part04_part03.mp3,الاستاذة لي كانت تخليني انا الحل الاخير كي يعجزو لخرين باه يحلو کاش مسألة ولا يحصلو  المهم لاحظت بلي منيش في حالي وهذاك نهار مرف
data/manel_part04_part04.mp3,عتش صبعي اطلاقا في نهاية الحصة جينا خارجين قاتلي الاستاذة متخرجيش فريدة محتجاتك كي جات قاتلي واش بيك ليو
data/manel_part04_part05.mp3,وم هي مكملتش وانا بديت نبكي  قاتلي مالكي مالكي شاكين  تقريب خمس دقایق باه قدرت نحكي غلبتني الدمعة  حكيتلها كلش
data/manel_part04_part06.mp3,قاتلي ليوم العشية ستنايني نروح معاك اوكي  قتلها لالا لالا يما متبغيش  باسكو يما معلمتنا قتلنا بالكم تمدو يديكيم
data/manel_part04_part07.mp3,بالكم دايمن توصي و تعاود قاتلي خليها عليا المهم ستنايني العشية على 3 نجي نخرجك من الكلاصة ونروحو لداركم قع
data/manel_part04_part08.mp3,دت بلا فطور هذاك نهار والعشية جات الاستاذة داتني
data/manel_part05_part00.mp3,كي وصلنا صبت بما تقتل في وحد الشكارة تاع طعام خليت الاستاذة فالحوش برا تستنا  قاتلي يما جيتي بكري قتلها ايه جيت مع اس
data/manel_part05_part01.mp3,تاذتي نخلعت ناضت تجري  شفتو وحد كي ميكونش قاري و كيفاش يشوف وحد قاري  ناضت تجري خرجت ليها و بدات تقول للا
data/manel_part05_part02.mp3,ستاذة سمحيلي ابنتي خلاتك تستناي برا دخلي دخلي  دخلت الاستاذة وبقات تشوف فالدار دخلنها لشومبرتنا وين نرقدو انا وخاو
data/manel_part05_part03.mp3,تي راحت يما طيب فالقهوة  قاتلي روحي قولي ليماك جيبه كحل  كانت عارفة بلي مكان والو عندنا مبغاتش تكلفنا و في نفس الوقت بغات تدي
data/manel_part05_part04.mp3,الفرصة باه تشوف درانا وتزيد تتعرف علينا كثر  المهم قعدت تشرب فالقهوة قاتلي يما  فريدة بصح علاه مقل
data/manel_part05_part05.mp3,تيليش  بلي راكي جاية مع شيختك  نطقت الاستاذة قاتلها لا لا ا خالتي حتى هي ومكانتش عارفة قاتلها جيتك في وحد الموضوع كيما تعرفي
data/manel_part05_part06.mp3,ربي راه كارمنا من فضلو و مخصنا والو وكل اسبوع رانا نلمو شي لي كتبو ربي ونزورو عايلة من العائلات تاع تلاميذ المتفوقين
data/manel_part05_part07.mp3,و نهدوهم هذاك المكتوب و من القوانين لي نتمشاو ببهم هوما انا نسلمو الجائزة للوالدين تاعهم وبنتك الحمد لله راهي لولا فالكلاصة
data/manel_part05_part08.mp3,و الهدية كانت من ناصيبها وبغيت نقلك يا خالتي راهي عندك طفلة مشاء الله وهنيئا لكم عليها ماتت يما بالفرحة
data/manel_part05_part09.mp3,ا و انا كي شفتها هكاك فرحت بصح كي تفكرت عاودت ياست
data/manel_part06_part00.mp3,المهم كي جات خارجة مدتلها وحد المبلغ في قطعة تاع قماش لي حد الان والله ما عرفتو شعال  المهم وصلتها لاري تاعنا
data/manel_part06_part01.mp3,قتلها يا استاذة بصح هذوك دراهم لي عطيتهملها والله ما تروح بيهم لطبيب قتلها ضروك تشريهملنا ماكلة قاتلي هذا الموضوع خليه علي
data/manel_part06_part02.mp3,يا متخميش  رجعت انا لدار قاتلي يما هذي الجائزة صح كاين منها كي شغل فاقت وحد الشوية بصح قنعتها  سقسيتها على الشك
data/manel_part06_part03.mp3,كارة تاع طعام قتلها تاعمن هذي قاتلي الفلانية جبتهالي قاتلي فتليهالي و نخلصك هذيك لحظة كرهت ضعفي و كرهت عجز
data/manel_part06_part04.mp3,زي ما صبتش قاع شا ندير و حسيت روحي مكتفة كيفاش يما مريضة وتخدم و انا نشوف فيها تذوب نهار بعد نهار  غدوا من ذاك
data/manel_part06_part05.mp3,رحت معمرة لسیام و قبل ما ندخلو رحت لقاعة الاساتذة نحوس على الاستاذة باه نقلها لازم متتخلاش عليا
data/manel_part07_manel_part-38.mp3,قالك خطرة واحد لقى لفعى فوقها حجرة غاضتو سلكها كي سلكها قاتلو راني حالفة ألي يسلكني نلدغو
data/manel_part07_manel_part_39.mp3,قالها أنعلي بليس كيفاش أنا سلكتك ونتي تحوسي  تلدغيني قاتلو نلدغك نلدغك قاللها خلاص نسقسو ثلاثة حيوانات
data/manel_part07_manel_part_40.mp3,نلقاوهم في طريقنا اذا عطاوك الحق ألدغيني أيا تمشاو لقاو البقرة حكاولها
data/manel_part07_manel_part_41.mp3,قاتلها الإنسان قد مانعطولوا الحليب ينكر الخير وفي الأخير يذبحني ألدغيه
data/manel_part07_manel_part_42.mp3,زادو تمشاو لقاو الحمار سقساوه قالهم الإنسان قد مانخدموا ونرفدلوا قشوا يقسى عليا ويضربني ألدغيه
data/manel_part07_manel_part_43.mp3,زادو تمشاو لقاو حبيبنا الذيب حكاولوا قالهم أنا منأمنش حتى تعاودو تمثلولي المشهد من أول وجديد
data/manel_part07_manel_part_44.mp3,أيا تكسلت اللفعة وعاود حط عليها الحجرة قالوا هكدا لقيتها قالوا خليها كيما لقيتها باش تعرف قيمتها نكارة الخير
data/manel_part07_manel_part_45.mp3,المهم  تحيا الذيابة فالغيبية وين ما كانو والحديث قياس
data/manel_part07_manel_part_46.mp3,كامل علابالنا بلي الرسول صلى الله عليه وسلم كان سيد الأخلاق مع كامل الناس
data/manel_part07_manel_part_47.mp3,الخدم لي كانوا يخدمو في المدينة كانوا يبغوه بزااف و شكون ميبغيش نبي الله  و اغلب الخدم كانو يتامى
data/manel_part07_manel_part_49.mp3,اياً مين كان رسول الله صلى الله عليه وسلم يخرج يصلي الفجر كامل خدم المدينة يقارعولها عند الجامع رافدين الماء
data/manel_part07_manel_part_50.mp3,و هو كان يدي من كل إناء شوية و يتوضى باه يعدل بيناتهم و يفرحهم كامل و يجبر بخاطرهم
data/manel_part07_manel_part_51.mp3,غامر بروحو و استحمل البرد غير على جال باه يشوف الابتسامه في وجهم هاذ القصة حكاها انس بن مالك خادم رسول الله
data/baraa_part04_01.mp3,راني حاصلة في مشكل كبير ماعلاباليش واش ندير كاينين بزاف صالح بصح معنديش لحلول يليهم راهم يصراو غير هكا ماعلاباليش قاع كيفاش حتى صراو و مارانيش حاسة بلي راني نتحكم في الصوالح لي راهم يصراو راه كاين خلل في بلاصة مارانيش فاهمة بصح ضوك نشوف كيفاش ندير
data/baraa_part04_02.mp3,ليوم مقريتش صباح قريت غير حصة وحدة لعشية قريت في زوج لحصص عند بروف وحدة ماتبعتش مليح بصح شفت واش كانت دير سما عرفت les titres لي درناهم فلكور بصح عند لبروف deuxième كنت نتبع malgré كان فايتني فلكور بصح normal قريت عندو les chapitres لي كانو ناقصيني
data/baraa_part04_03.mp3,اذا عندكم كاش حاجة تحكيوها ولا تقولوها ارسلوهالي في vocal و اكتبولي الكتبة لي قلتوها فهذاك ل التسجيل الصوتي و قولولي وش رايكم في هاذ الحصة الغريبة جدا ماعلاباليش  وش راني نهدر بصح لازملي نسجل مقاطع صوتية وخلاص
data/baraa_part04_04.mp3,سما انا ضوكا نقعد نهدر هكا فلفراغ فلفراغ ايا ومبعد نشوفمعلباليش انايا كيفاش هاذي نقعد نهدر زوج سوايع bizarre تت ماعنديش الهدرة لي نقعد نهدرها  زوج سوايع يعني حتى لوكان تكون عندي هدرة مانقدرش نهدرها قاع بالعربية par ce que déjà مانعرفش نهدرها مفهمتش انايا تت ضوك نشوفو كيفاه
data/baraa_part04_05.mp3,قلك القيد رقد حم باباك هاذ النكتة تعاودت وتعاودت وتعاودت حتى ولاو يستعملوها في كلش حتى شفت وحد النكات على قالك القرلو رقد كي كلا صطوب وشفت صوالح هكا نكت غريبة فالفايسبوك وفل فمواقع التواصل الاجتماعي و هكا و هذا مكان هذا مكان
data/baraa_part04_06.mp3,شتو القاطو تاع الحانوت هاذاك تاع ماكسون يعجبني لي فيه القو تاع الشيكولا وللي يكون كبير مليحة تشربو مع القهوة  ولا تاكلو مع الشيكولا الشيكولا تعجبني تاع زبيب بالبندق ولا بتاع المكسرات بسك نحب المكسرات بزاف ذبان يديرونجي فهاذ الاقامة  والناموس يقرص بزاف كاين بزاف ناموس
data/baraa_part04_07.mp3,انا نطل على الجيهة تاع التراب هاذاك لي فيه بيزار هكا جاي تراب وحشيش وقاع  سما الحشرات قاع يدخلو عندي ل لغرفة تاعي ايا علابيها لازملي نغلق البالكون  بصح السخانة دير فشمبرة لوكان نغلق البالكون سما نخليه محلول خطرات ونغلقو خطرة على خطرة وهي رايحة خطرات الحشرات يدخلو نقعد نحاوز فالذبان والناموس و خطرات ميدخلوش
data/baraa_part02_part00.mp3,سلام هذا البارت راح يكون تعريف لشخصيات تاعنا لأبطال نبداو البطلة تاعنا زلة شابة احم وسمها ليان في عمرها 21سنة تقرا علم النفس عامها ثاني و هيا جاية بزاف كلاس وتحب الماكلة ورقاد ولبسة وتحواس هيا مكانتش عايشة فاجزائر جات علاجل الخدمة تع يماها عايشة هيا و يماها باباها مات اكسيدون هذي هيا البطلة تاعنا ليان
data/baraa_part02_part01.mp3,نجو للبطل تاعنا ولي هوا غيلاس من اصول فرنسية و باباه جزائري عايش في فرنسا هو و يماه و باباه في عمرو 29سنة زلوش بقلاوة عندو دكتورة في إختصاص إدارة اعمال وهو حاب يفتح شريكة خاصة بيها محابش يخدم مع باباه  شريكة شريكة سيارة وهذا هو البطل تاعنا غيلاس
data/baraa_part02_part03.mp3,ساعة 9:30تع صباح عند البطلة تاعنا لي كنت في سبات عميق رتيبة ام ليان رتيبة نوضي ليان راكي خمرتي نوضي بيان مزال لحال واش من خمرت خليني نرقد يما رتيبة ياطفلة تقراي ليوم نوضي ولا بلبليغة لضهر نوضي
data/baraa_part02_part04.mp3,ليان:صاي راني نوضت ندوش ونجي خرجت رتيبة...ليان واش لعجوزة كاش ما نشربو رتيبة يعاجز يامك نشاءالله انا كون نسڨم روحي نبان صغيرة عليك اشربي قهوتك وبعدي عليا وجهك
data/baraa_part02_part05.mp3,ليان اوكي مامي بلازعاف شربت ليان كاس جو وناضت نوضت طونوبيلتها (من نوع پورش غوز ) وطارت لفاك ببورش تع ليان
data/baraa_part02_part07.mp3,تلقات مع صحبتها لينا لينا واش مامي رانا شابين ليوم تصيدي كاش زلوش ليوما بيان نوضي نوضي نروحو ضوك يبدا تيدي وتحاوزنا هذيك المشرارة راحو ليان ولينا يقراو وكاملو على 12:30
data/baraa_part02_part08.mp3,لينا يايمااااا قريب نموت واش هذاااا شحال تهدر ياجدك ليان:وي والله تقول بلعت كاصيطة ههههههه امشي نفطرو جعت انا لينا:والله مام انا امشي راحو يفطرووو وكلو هكاااا وطلعتها ليان فأنستا فانستغرام
data/baraa_part02_part09.mp3,وين غيلاس نروحو لفرنساااا  ناض صباح على 6:30دار سبور لبس هكا كمل راح دوش لبس كوستيم هكا و هبط يشرب قهوة تلاقى مع باباه قعد معاه
data/baraa_part02_part10.mp3,باباه سي محمد محمد:غيلاس وقتاش معول ترجع لجزائر راك عرف بلي يماك راهي وحدها غيلاس:نشاءالله غدوا نقلع توحشتها بزاف محمد:الله يحفضك ياوليدي انا كي نكمل امور شري شريكة نلحقك
data/baraa_part02_part11.mp3,غيلاس:ايا نخليك بابا عشية نشاءالله خرج غيلاس وراح للمقر تاعو
data/baraa_part01_part01.mp3,سمانة لي فاتت وليت للدار و عجزت نعاود نولي نروح نقرا شاركنا فواحد الهاكاثون انا و وحدين يقراو معايا صحاباتي خدمنا مليح درنا application كانت الفكرة تاعها مليحة même jurés عجبتهم بصح la technologie لي خدمنا بيها ماكانتش performante forte حتى لثماك ايا سما teams وحدوخرين هوما لي ربحو en fait même انايا عجبتني le technologie لي داروها و صوالح لي خدموهم هادوك teams لوخرين
data/baraa_part01_part02.mp3,ايه سما مل موراها قعدت فدار هاذ سمانة كاملة روحت ل dentiste و حبيت نزيد نقعد فالدار و راني عجزانة نعاود نولي نقرى راهي راني حاسة بلي نولي نقرى ماشي option فهاذ ال فهاذ السمانة بصح لازملي لازملي نعاود نولي
data/baraa_part01_part03.mp3,ماباقيش بزاف باقي شهر سما نولي للإقامة و نقرا و نزير روحي و لي يجيبها ربي هاذيك هيا حنا l'essentiel نديرو القدر تاع الطاقة لي نقدرو عليها و les efforts لي لازم نديروهم باش
data/baraa_part01_part04.mp3,واقيلا نهدر بزاف بصح انا تاع صح مانهدرش بزاف نهدر بزاف كي يكونو عندي واش نهدر ولا كي يكون عندي حاجة نقولها مانحبش نخلي صوالح في مخي يدورو سما يحسبوني ناس بلي نهدر بزاف و واقيلا نهدر بلخف بصح انا مانهدرش بلخف parce que ياسمين تهدر بلخف كثر مني و هذي هيا قاع واش كنت حابة نقول ايا bon courage
data/baraa_part01_part05.mp3,اية يسرى حبيت نقولكم ماعلاباليش اذا راكم شافين بصح نهار لي كنت ف ليجيامو تلاقيت مع مهدي ايا و كنا رحنا ل restau مباعدا عاودو خرجونا منو مبعدا قعدو يدورو بينا par ce que ماكانش علابالهم اذا لفطور وجد ولا مزال ايا قعدو يرسلونا و يعاودو يردونا  و يعاودو يردونا ايا مبعدا بغينا نلعبو شطرنج ف la salle ايا حتى مبعدا ماخلاوش مهدي يدخل ايا سما قعدنا برا
data/baraa_part01_part06.mp3,ياخو ضوكا قسمنا الخدمة تاع هاذ ل module على كل واحد عندو خدمتو ايا و انا راني عجزانة باش نقعد نكتب في ل الكتبة المرافقة لكل مقطع صوتي و منا و منا سما راني قاعدة ن recordi و نرسل لصحاباتي في records ماعندهومش معنى و نعاود نكتب لكتبة تاعهم مانيش حافظة ل clavier بالعربية سما راني نسوفري
data/baraa_part01_part07.mp3,كي راني نسجلفي الصوت تاعي راني نسيي باش مانستعملش كلمات بالإنجليزية ولا بالفرنسية راني نسيي ل maximum نستعمل كلمات تاع الدارجة حتى العربية الفصحى و راني نسيي مانستعملهاش لازملي نستعمل بزاف كلمات تاع الدارجة باش ل model يتعرف على الدارجة  و يولي يعرفها كثر هاذي هيا اللغة الدارجة لازم يعرفها ل model
data/baraa_part01_part08.mp3,كنت نحوس على ماكلة فلفريجيدار صبت البيطراف و الماقارون انا موالفة ناكل بزاف مع صبحة ربي ايا سما ااا راني ناكل في البطراف بصح راه حار واقيلا ماما خلطاتو مع زيتون الحار لبارح ايا مبعدا كيشغول كي نحاتو قعد شوية منو م ل goût تاع الحار فل porte manger بصح راه جاي بنين واقيلا ثاني راهي دايرتلو الثوم بنين بنين
data/baraa_part01_part09.mp3,لوكان ماناكلش مليح مع صبحة ربي راني رايحة الmood تاعي يخسر نهار كامل généralement تصرا بزاف هاذي ف الإقامة l'essentiel oversharit شوية ايه ثاني دارتلي واحد l'allergie مل لفراش هاذاك لي كان فلاقامة ايا و حكمني هاكا دارلي بزاف حب احمر رقيق ايا هاكا سما لازملي نروح عند dermatologue اني رايحة شوية هاكا نروح
data/baraa_part01_part10.mp3,شيرات توحشت لعراس قاع  la famille تاعنا واقيلا كملو تزوجو جات تورتنا فالدار vrai توحشت لعراس ني باغية نعرس هاد الصيف لازم ماكانش وحدة فيكم باغية تزوج ولا تزوجو زواج مليح راني قاعدة و قاعدة نهدر في باطل معلاباليش انايا شاراني ندير والله معلابالي شاراني ندير en tout cas تزوجو و عرضوني نعرس ماتخافوش
data/baraa_part01_part11.mp3,ماما عيطتلي تسقسي فيا شادرت اليوم وانا راني نايضة retard par ce que لبارح رقدت على الربعة لا حشمة لا حيا الرقاد تاعي راني خابطاته في حيط راني vrai خابطة الرقاد تاعي في حيط و انا مانعرفش نهدر بالعربية والله لا راني نسيي maximum راني نسيي كلمات راهم يتلفولي ومانيش نعرف نهدر سما راني نقول n'importe quoi
data/baraa_part01_part12.mp3,واحد زوج ثلاثة ربعة خمسة ستة سبعة ثمنية تسعة عشرة حداش ثناش ثلاطاش ربعطاش خمسطاش سبعطاش ثمنطاش تسعطاش عشرين واحدوعشرين ثنين و عشرين ثلاثة و عشرين ربعة و عشرين
data/baraa_part03_01.mp3,حبيت نكتب هاذ الكرونيك لي جاتي فبالي رح تكون باللهجة الجزائرية مع العمل هاذا  اول عمل ليا راح تحكي على طفلة شابة لي هي نهال هاذ الاسم نحبو معلباليش علاه في بارت رح تعرفو حكايتها و البطل تاعنا هو ايهاب رجل اعمال كبير و ناجح
data/baraa_part03_02.mp3,نهال طفلة في عمرها 20 سنة جاية بيضة و عينيها زروقة و شعرها كحل كي سواد الليل عندها واحد لطاي تقتل عايشة مع مانها و خالتها و زوج خياتها صغار عليها و بنت خالتها و وليد خالتها
data/baraa_part03_03.mp3,مان نهال لي هي خداوج جاية حنينة بزاف عمرها 68 سنة تحب نهال بزااف و هي لي رباتها و ربات خياتها بعد ما ماتو والديها
data/baraa_part03_04.mp3,هيبة : خت نهال في عمرها 17 سنة جاية بيضة كي نهال و تشبهلها في كلش غير في عينيها لي هوما كحولة و قلبها بيض و هاذ العام عندها الباك
data/baraa_part03_05.mp3,رى خت نهال الصغيرة في عمرها 15 سنة كيف كيف تشبه لنهال في كلش مام عينيها تقرى اولى ثانوي
data/baraa_part03_06.mp3,وهيبة : لي هي خالة نهال في عمرها 45 سنة عايشة معاهم في دار يماها بيسك هي مطلقة مع راجلها و عندها طفلة و طفل عايشين معاها
data/baraa_part03_07.mp3,لي هوما شهرة  بنت خالة نهال قدها فالعمر متف و متفاهمين كي الخيات كل حاجة يحكوها لبعضاهم و جاية خيرية شعرها شتان و عينيها نوازات امير  خو شهرة
data/baraa_part03_08.mp3,عندو 25 عام جاي طويل و عندو الكور و يظل مور شهرة و نهال بصح يحبهم و لي يطلبوه يجيبهولهم
data/baraa_part03_09.mp3,ايهاب رجل اعمال في عمرو 27 سنة هو مدير شركة لي كانت من قبل تاع باباه و الشركة هاذي تاع ملابس و ازياء اي يصنعو الحوايج و يعرضوهم للخارج و ايهاب جاي طويل و عندو واحد الكور يقتل و جاي سمر و عندو لحية مطارسية و عينيه بنيين
data/baraa_part03_10.mp3,ضوك نعرفو البطل تاعنا لي هوا ايهاب
data/baraa_part03_12.mp3,لامية ام ايهاب عندها 52 سنة مرا حنينة و تحب ايهاب بزااف خالد اب ايهاب عندو 54 سنة رح تعرفو شخصيتو مع الوقت
data/baraa_part03_13.mp3,ريان خت ايهاب عندها 22 عام و تقرا في لافاك ميدسين و جاية طويلة شوي و تشبه لخوها بزاف اكرم : خو ايهاب عندو 25 و يخدم مع خوه فالشركة جاي زل و بيض و عندو عينين حكولة كي شعرو و هاذي العائلة الكريمة تاع البطل ايهاب
data/baraa_part03_14.mp3,اصبحنا و اصبح الملك لله خالتي وهيبة : يا طفلة نوضي ما فهمتش كيفاه تقدري ترقدي حتى ل 11 انا : خالتي خليني نزيد شوية برك ( نهدر معاها و مزالني مغمضة عينيا ) خالتي وهيبة : الجيل هاذا يعرف غير الرقاد ايه حنا بكري كنا نوضو على 6
data/baraa_part03_15.mp3,انا خالتي بكري بكري و ضوك ضوك و  ديجا خليني كنت نام في عرسي راكي صمطتيهالي حتى العريس ماشفتش وجهو
data/baraa_part03_16.mp3,خالتي وهيبة : تنوضي و لا نوضك بطريقتي انا : روحي راني نايضة ديجا اصلا البارح خرجت من الخدمة حتى 1 و مارقدتش حتى 3 و زيد جاية تنوضي فيا بكري خالتي وهيبة : اصبري نشوف هاذا الزمر  منين يشعل نوضت نجري مبلاستي حتى تعكلت على الغطا و جبتها على راسي
data/baraa_part03_17.mp3,انا : خالتي تعيشي هاذاك وليدي بلاكي كاش ما ديريلو  خالتي علبالها بلي تيليفوني نقطة ضعفي علابيها قالت هكا خالتي وهيبة : شفتي كيفاه تنوضي ، دوك ازربي نوضي و اغسلي وجهك و امشي نديرو لميناج للدار علبالك قرب عر عرس وليدي
data/baraa_part03_18.mp3,نا : اففف هوما يعرسو و حنا نفرسو  بصح معليه في عرسي نخلفها خالتي : نوضي بركاي من الهدرة الزايدة
data/baraa_part03_19.mp3,بون نوضت و غسلت وجهي كانو خياتي راحو يقراو مام شهرة بيسك راهي ل 11 و هوما يقراو على 8 و رحت عاونت خالتي فالميناج نقينا كامل الحالة بيسك على 15 يوم عرس خويا امير شحال راني فرحانة فرحانة برك كي راح نبرد قلبي بالشطيح على 12 جاو خياتي باه يفطرو
data/baraa_part03_20.mp3,هيبة : رانا جينا انا : اهلا ختي جوزو اغسلو دوك نحطلكم الفطور راه واجد
data/baraa_part03_21.mp3,هيبة : هاتي بيزو قبل انا : غير الخير واش هاذ المحبة لي جاتك بدون سبب هيبة : نهار طيح عليا المحبة تقولي علاه و نهار تكون ناشفة تقولي علاه بيييي علاه بيييي نتي  والله  ما واحد والله واحد ما يفهمك
data/baraa_part03_22.mp3,انا : تزيدي دقيقة قدامي تلقاي البليغة في وجهك و تعرفيني نديرها هيبة : خلاص راني رحت جاز الوقت طلعت لبيتي باه نشوف الساعة نلقاها 5 ياه الوقت لازم نوجد روحي باه نروح للخدمة فتحت الخزانة قلبتها كامل نشوف واش نلبس من بعد خيرت هاذو خرجت نجري من الدار
data/baraa_part03_23.mp3,نلحق الطرونسبور قعدت ستنيت  شوية من بعد جا و طلعت لقيتو  لداخل معمر غاشي حتى بقيت  واقفة
data/baraa_part03_24.mp3,هاذا هو طرونسبور تاع دزاير جامي تصحلك بلاصة قاعد حتى وين لحقت لوين نخدم بون علبالي مراكوش فاهمين على هاذيك رح نشرحلكم كي قلت نشرحلكم راح خيالي للبروف تاع المات كي تكون تشرح نولو للمفيد انا نخدم سارفور فريستورون عالمي يجو ليه لي يخدمو ف ادارة اعمال
data/baraa_part03_25.mp3,و هاد الريستو مشهور بزاف يعني انا لي حبيت نخدم بيسك ماني بزاف عليها خلالها جدي المرحوم الشهرية مي ما تقدرش تصرف علينا كامل فالدار على هاذيك قلت نخرج نخدم باه نصرف عليا و على خاوتي و حبست قرايتي باه ما نخليش خاوتي يحسو بالوحدة بعد ما ماتو دارنا ربي يرحمهم فأكسيدون و مدام انا لكبيرة
data/baraa_part03_26.mp3,قررت نرفد واش بقالي من دارنا لي هوما خواتاتي باه ما يضيعوش و ما يخلوش قرايتهم دخلت وين نخدم رحت ديركت للاشومبر لي يبدلو فيها الحوايج لبست حوايج السارفور و دخلت للكوزينة  نشوف واش نساربي للناس ، قعدت نجري من طابلة لطابلة افف عييت
data/baraa_part03_27.mp3,حتى لحقت 10.30 كنت قاعدة فالكوزينة نفطر ياودي كرشي ولات اون كوبل مع ظهري من الجوع علبالي غاملة مي معليش تحملو حتى يجي سي ياسين
data/baraa_part03_28.mp3,ياسين هو الامي تاعي و يخدم معايا تعرفنا فالخدمة ياسين :  من الصباح و نا نجي من طابلة لطابلة و لالة قاعدة ترهج هنا انا: ايا ترهج معايا صح ما تاكولش قلع للخدمة حتى نكمل الماكلة باه نوض
data/baraa_part03_29.mp3,ياسين نتي لا بديتي تاكلي ما تحبسيش ما فهمتش واش عندك في كرشك انا : على زوج لقمات حسدتني فيهم هاه والله راك كوبيتلي لابيتي دخل علينا واحد يخدم تما و قال : الشاف وجد هاذ ليبلا لاطابل 28 و دار عندي : و نتي نهال كي يكمل يوجد روحي سيربي نتي وياسين
data/baraa_part03_30.mp3,انا : اكي ريڨل الخدام : ولازم تتعاملو معاهم مليح بيسك تاع ادارة اعمال و جا معاهم واحد رئيس الشركة  اسم الشركة انا : ما تخافش ما يكون لا خاطرك هو : نعرف ما تخافش تاعك راني نوصي فيك بلاكي تبهدلينا انا : خسارة عليك ما ديرش فيا كونفيونص
data/baraa_part03_31.mp3,هو : همال نتكل عليك نهال انا : حاجة باينة  درت عند ياسين حتى نطق قبلي و قال : هاذ السيد دسرك و نتي حليتيلو العين انا : باه ما يكثرش الهدرة ما يكثرش معايا الهدرة برك خلينا منو و رحنا بدينا نرفدو فليبلا و اتجهنا نحو الهدف قصدي نحو الطابلة وصلنا و بديتا نسيربو الماكلة و كنت مهبطا راسي انا غير طلعتو طاحت عيني فوحد الزل ياخويا ياخويا
data/baraa_part03_32.mp3,واش نحكيلكم  من بعد فقت على روحي بلي راني نخزر فيه و ليت رحت جهة ياسين و وقفت معاه ياسين و هو يهدر مع الناس : بون ابيتي و اذا عندكم طلب اخر رانا هنا نطق هذاك البقلاوة : مي انا دومونديت حوت و قلت ما نحبش فيه الطوماطيش علاه حطيتوه فيه
data/baraa_part03_33.mp3,انا : باه تطلق البنة البقلاوة : لازم تسيربو على حساب لادوموند ماشي من راسكم فهمتو  قالها بلعياطياسين : سمحلنا ميسيو غلطة برك هو : قال غلطة قال ازربو دوك ترفدو عليا هاذا و تجيبو بلا اخر بلا طوماطيش
data/baraa_part03_34.mp3,ميشت انا حتى وصلت قدامو بيسك قلقني و رفدت هاذيك الطوماطيش لي كانت ملفوق بيدي و نحيتها حطيتها فطبسي فارغ و رفدتو و قتلو : هكذا راهي بلا ساهلة برك نتا صعبتها
data/baraa_part03_35.mp3,خلط الطابلة و وقف و بدا يعيط حتى الغاشي كامل ولاو يتفرجو جيهتنا هو : واش درتي ما فهمتش كيفاش يخدمو عيباد كيما نتي هنا و كي رفدتيهم بيدك وين علبالي يديك ايلا مخسولين ولا معفونين و زاد فالعيطة تاعو
data/baraa_part03_36.mp3,دوك ترفدي قسام هاذ البلا و تجيبي وحداخر و لا سينو ما تزيديش دقيقة فالخدمة تاعك انا : اولا شكون نتا باه تعيط عليا هكا و قدام الناس و ثانيا الحمد لله يديا نقايا على وجهك و ثالثا واش حاسب روحك باه تهددني اه حكمني من يدي و زيد عليها : شكون نتي باه ترفدي صوتك عليا و تهدري معايا بهاد لافاصو معلبالكش شكون انا انا ايهاب  رئيس الشركة تاع الملابس و الازياء فهمتي
data/baraa_part03_37.mp3,انا : ما قتلكش عرفني بروحك و ما يخمنيش  ما يهمنيش شكون نتا جبدت يدي من عندو و رحت و خليتو دخلت للكوزينة و النار شاعلة فياؤانا : واش حاسب روحو هادا جاي يعيط عليا و يهدد فيا قال انا ايهاب  رئيس الشركة زعما تعكي فيه  واش دخلني انا فيك اففف
data/baraa_part03_38.mp3,و هي هكاك تعيط حتى دخل ياسين ياسين : واش درتي نتي حمارة ولا اغيول علبالك يقدر صح يحاوزك منا انا : ما عندو ما يدير اصلا ما شفتش كيفاه حاسب روحو زعما مدير الشركة جاي يعلي فروحو قدام الناس و لاعبها ما ياكلش الطوماطيش انا فالدار كي يحكمني الجوع فنص الليل نديرها فالخبز مع الملح و ناكلها والله جي بنينة
data/baraa_part03_39.mp3,ياسين : يخي مكراشة يخ علبالي مكاش لي كيما نتي انا : وي علبالي بلا ما تقولي
data/baraa_part03_40.mp3,عند ايهاب ليوم  كان عندي عشا مع وحد الجماعة من انجيلترا على جال توقيع الشراكة بيني و بينهم و رحنا لواحد الريستو يعني هو معروف مي انا جامي رحتلو بيسك منحبش نروح لبلايص معروفة مي الشركة الانجليزية كي سمعو بيه عجبهم و حبو يروحو تما مور ما وصلنا و دومونديتا ليبلا انا دمونديت حوت مشوي و قلت بلا طوماطيش
data/baraa_part03_41.mp3,مي ما فهمتش علاه ما يسمعوش و جابتهولي وحدة الطفلة ملول كي طاحت عيني فيها اممم واش نحكي يا ربي وحد الزلة من بعد قلت واش دخلني فيها بيسك انا مالجوغ لي نكره البنات و كي قتلها بدلي البلا رفدت هاديك الطوماطيش لي ملفوق بيدها و تحاتها و انا معياف بزاف على هاذيك صرا واش صرا حكيت لفوق جاتني شقوة نعاود
data/baraa_part03_42.mp3,راحت جا مول الريستو و قالي : سمحلنا ميسيو هذاوين سمعت بلي صرا و اذا تقبل مني راح يكون عشاكم خالص من عندنا ايهاب: ما يهمنيش و. حبيت نعرف شكون هاذيك الطفلة لي سيربات هو : هاذيك نهال تخدم سارفور هنا انا : نحبها تتحاوز منا و نعطيك واش تحب هو : ما يكون غير خاطرك ميسيو ايهاب و راك شرفت الريستو بمجيئك ما رجعتلوش بيسك قلقني بهدرتو
data/baraa_part03_43.mp3,نرجعو عند نهال كنت قاعدة فالكوزينة مع ياسين لي نساني فواش صرا و راحلي لقلق حتى دخل عليا السي احمد لي هو مدير الريستو هنا و قال : نهال من اليوم و رايح
data/baraa_ytb_part0001.mp3,السلام عليكم اخواني اخواتي ادعمنا بلايك و اشترك في القناة ليوم جيتكم بحكاية
data/baraa_ytb_part0002.mp3,قرن فضة و قرن ذهب بسم الله بديت و على نبي صليت كان يا مكان في قديم الزمان كانو وحد
data/baraa_ytb_part0003.mp3,ثلث بنات يتامى عايشين وحدهم في واحد الدار واحد المرة قاعدين متوانسين نطقت البنت لكبيرة قالت لخواتاتها وش امنيتكم
data/baraa_ytb_part0004.mp3,فهاد الدنيا نطقت الوسطانية قالت انا متمنية ندي الحلواجي تاع السلطان و نطقت لكبيرة و قالت
data/baraa_ytb_part0005.mp3,وانا متمنية ندي الطباخ تاع السلطان بقات ختهم الصغيرة ساكتة دارو ليها و قالولها و نتيا واش راكي حابة نطقت ختهم
data/baraa_ytb_part0006.mp3,ليهم و قاتلهم انا كون نقولكم توليو تضحكو عليا امالا مانقولش بقاو وراها حتى قاتلهم يلي راهي حابة تتزوج بالسلطان
data/baraa_ytb_part0007.mp3,ضحكو عليها خواتاتها و في هاداك الوقت كان السلطان فايت ملباب دارهم وسمع لحديث لي دار بيناتهم
data/baraa_ytb_part0008.mp3,ولا لقصر كي ولا لقصر طلب ملخدامة تاعو يروحو لهاديك الدار و يجيبو هادوك ثلث بنات
data/baraa_ytb_part0009.mp3,كيما كان الحال راحو الخدامة للدار و امرو هادوك البنات و قالولهم بلي السلطان راهو حا يسحقكم خافو لبنات
data/baraa_ytb_part0010.mp3,مع لول بصح مايقدروش يرفضو للسلطان طلبو هزو بعضاهم و راحو للقصر بدا السلطان يسقسي فيهم
data/baraa_ytb_part0011.mp3,سقسى لكبيرة لولة و قالها نتيا بيمن حابة تزوجي قاتلو ياسيد السلطان انا حابة نزوج بالطباخ
data/baraa_ytb_part0012.mp3,تاعك قالها ضرك نزوجك بيه و هاو ليك واش حبيتي زاد دار لتانية و قالها و نتيا
data/baraa_ytb_part0013.mp3,بيمن حابة تزوجي قاتلو ياسيد السلطان انا حابة نزوج بالحلواني تاعك قالها و نتي تاني ضرك نزوجك بيه
data/baraa_ytb_part0014.mp3,و ليك كيما ختك دي واش حبيتي بقات ختهم الصغيرة تلفت ليها السلطان و قالها
data/baraa_ytb_part0015.mp3,ونتيا بمن حابة تزوجي حشمت البنت و خافت مالسلطان ولات تبكي شاف السلطان معاها و قالها
data/baraa_ytb_part0016.mp3,حبيت نطلب منك طلب ايادرا تقبليه ولا لالا شافت معاه البنت الصغيرة و قاتلو اطلب يا سيد
data/baraa_ytb_part0017.mp3,السلطان قالها تتزوجي بيا فرحت البنت الصغيرة و قاتلو نقبل بالفرح و السرور
data/baraa_ytb_part0018.mp3,و تزوجو روح يا زمان و ولي يا زمان هزت هاديك مرت السلطان وجابت
data/baraa_ytb_part0019.mp3,طفل و طفلة توام طفل عندو قرن فضة و طفلة عندها قرن ذهب كانو فرحانين بيهم
data/baraa_ytb_part0020.mp3,لأقصى حد مبعدا السلطان جاتو مهمة تاع حرب في بلاد بعيدة و قرر
data/baraa_ytb_part0021.mp3,بأه يروح و كانو خواتات مرتو غيرانين منها علي عايشة فهاداك الخير و زاد جابت طفل و طفلة
data/baraa_ytb_part0022.mp3,بقرن فضة و قرن ذهب و تشاورو بيناتهم و قالو لازمنا نديو صغارها و نشتوهم
data/baraa_ytb_part0023.mp3,المهم ماتقعدش هانية و كيما كان الحال سافر هاداك السلطان وراح للحرب لخواتات الشريرات قعدو يترقبو
data/baraa_ytb_part0024.mp3,حتى في ليلة من ليالي رقدو اهل القصر كامل دخلو هادك زوج خواتات شيطانات و راحو عند ختهم و داو
data/baraa_ytb_part0025.mp3,زوج ولاد و حطوهم في القفة و حطوهم فالواد لغدوة منداك كاين واحد الحطاب فالغابة كي راح للواد
data/baraa_ytb_part0026.mp3,ضرب بعينو لقى هاديك القفة حلها لقى فيها زوج ولاد راح يجري فرحان لمرتو و قالها حنا
data/baraa_ytb_part0027.mp3,ربي مارزقناش لولاد بصح شوفي واش لقيت يامرا قاتلو واش لقيت يا راجل حللها القفة لقات هادوك زوج ولاد فرحو بزاف
data/baraa_ytb_part0028.mp3,و سماو الطفل جميل و الطفلة جميلة اما لخواتات راحو خبرو السلطان بعد ما جا من السفر و قالو
data/baraa_ytb_part0029.mp3,لو بلي مرتو عمرها لا حباتو و راحت رمات ولادو تغشش السلطان وحكم
data/baraa_ytb_part0030.mp3,المرا تاعو و حطها فالحبس جميل و جميلة قعدو عند هاداك الشايب و لعجوز مربيينهم حتى كبرو
data/baraa_ytb_part0031.mp3,روح يا زمان و ولي يا زمان مرضت العجوزة هاديك وقبل ما تموت وصات راجلها و قاتلو توله يا راجل
data/baraa_ytb_part0032.mp3,لازم تقول لجميل و جميلة الحقيقة و تقولهم بلي رانا مربيينهم وحنا ماناش والديهم تاع الصح ولازم عليهم يحوسو على والديهم الحقيقيين
data/baraa_ytb_part0033.mp3,ماتت لمرة و بقى الراجل مع جميل و جميلة فات زمان زاد
data/baraa_ytb_part0034.mp3,مرض الراجل و هو على فراش الموت عيط لجميل و جميلة و قالهم لازملي نقولكم الحقيقة حنا ماشي والديكم
data/baraa_ytb_part0035.mp3,و والديكم تاع الصح مانعرفوهمش انا لقيتكم فالواد محطوطين في قفة هزيتكم و جبتكم ربيناكم فات وقت قصير ومات هاداك
data/baraa_ytb_part0036.mp3,الشايب وقعدو جميل و جميلة وحدهم ولا جميلة كل نهار يروح يصيد و جميلة
data/baraa_ytb_part0037.mp3,تروح معاه يحطها فوق حصانو هو يصيد و هي تلعب و في  مرة من المرات جاو فايتين خوالاتهم الشريرات
data/baraa_ytb_part0038.mp3,و شافوهم و عرفوهم من القرون تاعهم القرن فضة و القرن ذهب بلي راهم ولاد ختهم  شافو مع بعضاهم و قالو
data/baraa_ytb_part0039.mp3,لازملنا نتخلصو منهم لا يتكشف أمرنا و كيما كان الحال راحو عند واحد الستوت و حكاولها لحكاية وقالولها
data/baraa_ytb_part0040.mp3,لازمك تعاونينا باه نتخلصو منهم قاتلهم الستوت ماكان حتى مشكل راحت الستوت هاديك و بقات تعس في جميل و جميلة
data/baraa_ytb_part0041.mp3,واحد نهار جا جميل يصيد كيما العادة و قال لجميلة هايا تروحي معايا ماحبتش جميلة قالتلو
data/baraa_ytb_part0042.mp3,روح برك ياخويا وانايا نقعد عندي شغالات بزاف فدار و لازملي نخلصهم راح جميل و وصى ختو باه ماتحلش لباب
data/baraa_ytb_part0043.mp3,قاتلو روح وماتخافش ياخويا روح مهني راح جميل يصيد و ستوت هاديك راهي تعس لقات جميل راح راحت طبطبت عل الباب
data/baraa_ytb_part0044.mp3,جميلة وقالت للستوت وشكون نتي نطقت الستوت ليها وقالتلها انا حبيبة مك
data/baraa_ytb_part0045.mp3,و جيت نفاقد فيكم نتيا و خوك دخلتها جميلة لجنان وفرحت بيها ستوت شافت مع لجنان وقالتلها لجنان تاعك مليح
data/baraa_ytb_part0046.mp3,بصح خصاتو حاجة قالتلها جميلة و واش لي خصاتو يا خالتي قالتلها خاصتو العين تاع الفضة
data/baraa_ytb_part0047.mp3,شافت معاها جميلة و قالتلها وانا منين راحا نجيب العين هادي تاع الفضة نطقت ليها لعجوز و قاتلها العين تاع الفضة تلقايها في
data/baraa_ytb_part0048.mp3,بلاد العجايب قالتلها جيبيها باش يكمل لجنان تاعك و يولي خير من هاكا وراحت الستوت و خلات جميلة
data/baraa_ytb_part0049.mp3,و جميلة كلاها الفضول باه تجيب هاديك العين كي جا خوها من الصيد قالتلو يا خويا لازملي لعين تاع الفضة
data/baraa_ytb_part0050.mp3,وبلاستها في بلاد العجايب ماحبش خوها المرة لولة بقات تحاول فيه قبل لغدوة منداك
data/baraa_ytb_part0051.mp3,هز حصانو وراح وهو في طريقو لقا واحد الشايب شعرو بيض ولحيتو بيضة سقساه وقالو ياوليدي
data/baraa_ytb_part0052.mp3,نتا وين اك رايح قالو جميل انا ني رايح لعين الفضة شاف ليه الشايب وقالو هادا لي بعثك مايشتيلكش الخير
data/baraa_ytb_part0053.mp3,قالو الطريق هادي واعرة شاف معاه جميل وقالو ختي هيا لي بعثتني و ختي تحبني وانا مانقدرش نرفضلها طلب
data/baraa_ytb_part0054.mp3,شاف معاه هاداك الشايب و قالو شوف ياوليدي روح كمل فطريق هادي تلقى قدام العين حنش هو كي يعود راقد
data/baraa_ytb_part0055.mp3,او يبقى حال عينيه كي يعود فاطن راهو يقفل عينيه قالو اتفكر كلامي كي توصل للعين هاديك قبل ما تهز منها ال
data/baraa_ytb_part0056.mp3,ما شوف مع الحنش اذا لقيت عينيه محلولين ازرب هز الما ويلا لقيتو مغمضهم سما فاضل ماتقربش راح جميل
data/baraa_ytb_part0057.mp3,و كمل فهاديك الطريق حتى وصل للعين كي وصل جميل للعين لقا هاداك لحنش حال عينيه سما راقد زرب جميل هز الدلوة
data/baraa_ytb_part0058.mp3,تاعو وزرب عمرها من العين وركب فوق حصانو ورجع يجري للدار كي وصل لدار راح حكم الدلوة هاديك وصبها فلعين تاع
data/baraa_ytb_part0059.mp3,لجنينة ولات العين فضية فرحت جميلة بزاف وبقات تسنى
data/baraa_ytb_part0060.mp3,باه تجيها لعجوز الستوت و تشوفها و كيما كان الحال راح جميل صباح
data/baraa_ytb_part0061.mp3,يصيد كي لعادة و كي ستوت عرفت بالوقت تاع جميل خرج من الدار راحت وطبطبت على جميلة حالتلها جميلة لباب دخلت الستوت
data/baraa_ytb_part0062.mp3,وهيا داهشة لقات لما تاع العين فضي شافت مع جميلة و قالتلها والله يا بنتي لا جنانك زاد
data/baraa_ytb_part0063.mp3,ولا خير من لي كان قالتلها بصح خصاتو حاجة نطقت ليها جميلة وقالتلها واش خصاتو تاني يا خالتي
data/baraa_ytb_part0064.mp3,قالتلها ديك الستوت خاصاتو شجرة يكون الورقة منها تغني غناية مختلفة على ختها وراحت وخلات جميلة
data/baraa_ytb_part0065.mp3,كي لعادة فضولها قتلها و سنات خوها حتى جا و قالتلو ياخويا جيبلي الشجرة لي كل ورقة منها تغني غناية
data/baraa_ytb_part0066.mp3,شاف جميل معاها و قالها او نتي هبلتي بالاك انا عرضت حياتي للخطر لمرة لي فاتت ونتي زايدة تقوليلي زيد روح بقات تحاول فيه
data/baraa_ytb_part0067.mp3,و تقولو روح برك اخويا مشي انا ختك وعزيزة عليك شاف جميل معاها و ما لقى مايهدر وقالها لغدوة صباح نوض نروح نجيبهالك
data/baraa_ytb_part0068.mp3,غدوة منداك ناض جميل صباح بكري وحكم الطريق و في طريقو زاد لقى نفس الشايب لي لقاه لمرة لي فاتت
data/baraa_ytb_part0069.mp3,وقالو وين اك رايح ياوليدي زدت وليت لهنا نطق جميل و قالو راهي ختي حاولتني وانا كيما تعرف
data/baraa_ytb_part0070.mp3,مانقدرش نرفضلها طلب المهم الشايب هاداك زاد وصاه و قالو شوف اوليدي كمل فالطريق وكي توصل لهاد الشجرة
data/baraa_ytb_part0071.mp3,تلقا عاسها صيد و حكايتو  كيما حكاية لحنش لا لقيتو مغمض عينيه يسما راهو فاطن ويلا لقيتو حال عينيه
data/baraa_ytb_part0072.mp3,سما راهو راقد زرب هز الغصن تاع الشجرة تاعك وسير في طريقك مدلو مراية قالو حكمها عندك ياولدي كي تخرج اذا صراتلك حاجة مشي مليحة
data/baraa_ytb_part0073.mp3,المراية هادي رايحة تولي كحلة كمل جميل الطريق حتى وصل للشجرة ولقى هاداك الصيد ولقاه حال عينيه يعني لقاه
data/baraa_ytb_part0074.mp3,راقد هبط جميل من الخيل تاعو وزرب نحى الغصن من الشجرة و راح يجري للدار كي وصل
data/baraa_ytb_part0075.mp3,راح غرس هاداك الغصن في لجنينة تاعهم فرحت جميلة بزاف كي لقات الشجرة هاديك كل ورقة تغني غناية
data/baraa_ytb_part0076.mp3,بقات تسنى في الستوت باه تزيد تاطيها رايها ولغدوة منداك راح جميل يصيد كي لعادة وجات الستوت و حلتلها جميلة
data/baraa_ytb_part0077.mp3,الباب كي حلتلها الباب دخلت الستوت وهي في بالها بلي راهي رايحة تكون تخلصت من جميل بصح المفاجئة انها
data/baraa_ytb_part0078.mp3,لقات الشجرة لي كل ورقة منها تغني غناية دهشت هاديك الستوت بصح مابينتش الدهشة تاعها لجميلة و دارتلها و قالتلها
data/baraa_ytb_part0079.mp3,راهو لجنان تاعكم راهو ولا ما شاء الله عليه بصح مازالت خاصاتو حاجة شافت معاها جميلة وقالتلها
data/baraa_ytb_part0080.mp3,واش باقي خاص تاني يا خالتي قالتلها الستوت خاصك الفرخ لي يهدر وتلقايه في نفس
data/baraa_ytb_part0081.mp3,لبلاصة وراحت كي لعادة وخلات جميلة تاكل في بعضاها و كي جا خوها م الصيد حكمتو وبقات تحاول فيه وتقولو
data/baraa_ytb_part0082.mp3,ياخويا لعزيز انا ختك روح جيبلي هاد العجايب وجيبلي لفرخ هادا والله راح يكون آخر طلب ليا
data/baraa_ytb_part0083.mp3,ماقبلش جميل وبقات تحاول فيه و تحاول فيه حتى قالها سلمت أمري لله غدوة نروح نجيبهولك وكيما كان الحال
data/baraa_ytb_part0084.mp3,حكم جميل الطريق توكل على ربي و راح و في الطريق كي لعادة هاداك لي شعرو بيض و لحيتو بيضة
data/baraa_ytb_part0085.mp3,وقالو وين زيد رايح ياولدي قالو جميل لحكاية و قالو راهي ختي تحوس على العصفور لي يتكلم
data/baraa_ytb_part0086.mp3,شاف ليه الشايب و قالو مهمتك هاد المرة صعيبة شوف انا واش نقولك هاذ العص
data/baraa_ytb_part0087.mp3,فور راه مكار صعيب هو يدير روحو راقد بصح ماهوش راقد يحط راسو تحت جناحو ويهدر ويقول انا ني
data/baraa_ytb_part0088.mp3,راح نرقد ولي حاب يحكمني يحكمني نتا ماتسمعلوش على خاطر كون تروح الد
data/baraa_ytb_part0089.mp3,قيقة لي يهدر فيها راهو يحكمك وتولي حجر وراك كون توصل تما و تشوف هادوك لحجر راهم ماهومش حجر راهم عباد  لي جاو يحكموه
data/baraa_ytb_part0090.mp3,وتحولو لحجر قالو اوليدي كمل كمل في طريقك حتى توصل كمل جميل الطريق وصل للشجرة
data/baraa_ytb_part0091.mp3,هاديك ولقى العصفور هاداك راح فوق غصن الشجرة وحط راسو تحت جناحو وقال انا ني راح نرقد و
data/baraa_ytb_part0092.mp3,لي حاب يحكمني يجي يحكمني وجميل بلا تردد صوطا عندو وحكمو وفهاديك اللحظة تحول لحجرة
data/baraa_ytb_part0093.mp3,وكانت فالدار جميلة كانت ساعة على ساعة تروح للمراية هاديك تشوف ليها وفاللحظة لي تحول فيها جميل لحجرة ولات لمراية هاديك
data/baraa_ytb_part0094.mp3,كحلة خافت جميلة على خوها وولات تبكي مبعدا قالت وين راه الحل واش رايحة ندير انا ضركا مبعد قالت السبيل الوحيد باه
data/baraa_ytb_part0095.mp3,نوصل لخويا هو اني نروح لبلاد العجايب وهي في طريقها تلاقات بالشايب هاداك لي موالف يلقاه جميل
data/baraa_ytb_part0096.mp3,كي شافها راح ليها و قالها يا بنيتي وين راكي رايحة حكاتلو لحكاية وقبل ماتكمل قالها
data/baraa_ytb_part0097.mp3,مشي خوك جميل نطقت ليه جميلة وقاتلو انعم ايه جميل خويا و راهو شو وش ما صرالوكملي يا بنتي في طريقك
data/baraa_ytb_part0098.mp3,تلقاي الشجرة لي عليها هاد العصفور لي يتكلم قالها ماديريش كيما دار جميل انا ني وصيتو لكن هوا تسرع
data/baraa_ytb_part0099.mp3,باه يحكمو و راهو تحول لحجرة  بقات تسمع جميلة لهاداك الشايب وقالها العصفور يروح فوق غصن الشجرة
data/baraa_ytb_part0100.mp3,يحط راسو تحت جناحو ويقول لي حب يحكمني يقدم انا ني راح نرقد قالها ماديريش فيه لامان قالها حتى تفوت
data/baraa_ytb_part0101.mp3,زمان قالها سع وروحي حكميه راحت جميلة وصلت للشجرة ولقات لفرخ و دار كيما قالها الشيخ
data/baraa_ytb_part0102.mp3,حط راسو تحت جناحو و قال انا ني رايح نرقد لي حب يحكمني يجي ماتسرعتش جميلة وبقات تسنى مدة
data/baraa_ytb_part0103.mp3,من الزمان حتى تأكدت بلي العصفور هاداك رقد صح راحت ليه و حكمتو مع حكمتو بدات تسقسي فيه
data/baraa_ytb_part0104.mp3,وين خويا قولي ويناهو خويا نطقلها العصفور و قالها انايا خوك عبالي بلي راهو حجرة مالحجرات هادو
data/baraa_ytb_part0105.mp3,بصح باه نقولك وينه فيهم اه نكدب عليك قاتلو وشي هو الحل قالها الحل تاعك هو انك تروحي للعين تاع الفضة
data/baraa_ytb_part0106.mp3,و تجيبي طاس كبيه علحجر قالها ضوك يخرج خوك راحت جميلة للعين وصلت ليها عمرت طاسها من العين
data/baraa_ytb_part0107.mp3,وراحت تجري للبلاصة لي فيها لحجر وبقات كل مرة تصب قطرة على حجرة
data/baraa_ytb_part0108.mp3,و هي تتحول و تولي انسان ومالقاتش خوها حتى بقاتلها قطرة فطاس راحت صبتها على الحجرة لخرة وتحولت هاديك
data/baraa_ytb_part0109.mp3,الحجرة ولات جميل عنقتو ختو وبقات تبكي وتقولو سامحني ياخويا وكي وصلو بالسلامة لدارهم
data/baraa_ytb_part0110.mp3,ورتحو شوية قاتلو حكاية الستوت رقدو الخاوة وفصباح ماحبش جميل يروح يصيد وهو يسنى فالس
data/baraa_ytb_part0111.mp3,توت وكي لعادة جات الستوت طبطب باه تشوف وش صرا راح العصفور وصرفقلها عينيها
data/baraa_ytb_part0112.mp3,علابالو بلي راهي تقدر تأذيهم ولات هاديك العجوز تبكي وماشية فالطريق راح ليها جميل وحكمها قالها رواحي هنا قالها وين راكي
data/baraa_ytb_part0113.mp3,رايحة قوليلي شكون لي بعثك لينا باه تأذينا نطقت ليه لعجوز وحكاتلو حكاية خوالاتو و قاتلو بلي هوما
data/baraa_ytb_part0114.mp3,كي شافوكم خافو لكان يتكشف أمرهم وبعثوني ليكم باه نقضي عليكم طلق جميل هاديك الستوت وبقا يحوس في حيلة باه
data/baraa_ytb_part0115.mp3,يتوصل بيها لباباه السلطان دبر عليه الفرخ دبارة وقالو نقولك ا جميل وش دير نتوما عندكم لعجب فهاد لجنان تاعكم و
data/baraa_ytb_part0116.mp3,السلطان يحب لحوايج هادو مالا ديرلو عرضة و عرضو و تما يتعرف عليكم خدا جميل بنصيحة العصفور ودار وش طلب
data/baraa_ytb_part0117.mp3,منو و قدم عرضة للسلطان السلطان مارفضش طلبو وراح كي وصل السلطان للدار
data/baraa_ytb_part0118.mp3,شاف في لقصر هاداك منبهر بهادوك لحوايج العجيبة لي راهم فيه مبعدا راح قعد وقال وين هوما مالين الدار
data/baraa_ytb_part0119.mp3,جا جميل و جميلة مع شافهم السلطان عرفهم بلي راهم ولادو ملقرن لي فوق راسهم فرح بزاف
data/baraa_ytb_part0120.mp3,وبكى و عنقهم حكالو جميل و جميلة حكايتهم و وش قاتلهم الستوت السلطان هز ولادو وتوجه
data/baraa_ytb_part0121.mp3,لقصر وفك سراح امهم وعاقب خواتات مرتو عقاب شديد وعاشو العاي
data/baraa_ytb_part0122.mp3,لة تاع جميل و جميلة بسعادة وهناء وسلام في حكاية أخرى ان شاء الله
data/baraa_litama_2_part0001.mp3,للقبر و يرضعو من هاذاك الضرع تباعت البقرة بصح لولاد مازالو كيما راهم
data/baraa_litama_2_part0002.mp3,شابين و صحاح حارت مرت باباهم و وصات بنتها تبعهم و تشوفهم واش ياكلو
data/baraa_litama_2_part0003.mp3,و تاكل كيفهم باه تكبر و تزيان كيما هوما تَبعتهم لقاتهم راحوا للقبر
data/baraa_litama_2_part0004.mp3,تاع ماماهم و كي فاقوا باللي راها تعس فيهم دارو روحهم ياكلوا في الحشيش كلات كيفهم
data/baraa_litama_2_part0005.mp3,بالصح مازيانتش صفارت و مرضت مرت باباهم ضَربَتْهُم و قالتَلهم علاه أنتم تاكلو
data/baraa_litama_2_part0006.mp3,الحشيش تكبرو و هي مَرْضَت كي راحت ترقد بقات تخمم كيفاش تدير باش تتهنى منهم
data/baraa_litama_2_part0007.mp3,قالت لراجلها يا راجل البلاد هاذي ما فيهاش الخير لازم نرحلوا منها
data/baraa_litama_2_part0008.mp3,الصباح ناضوا بكري و لمو قشهم و رحلوا فالطريق جازوا على واد
data/baraa_litama_2_part0009.mp3,مَدت للطفل كَسْكاس و قالتلو عمر فيه الماء و مدت للطفْلَة الصوف كحلۃ
data/baraa_litama_2_part0010.mp3,و قالتَلها رديها بيضَة راحوا لَولاد مساكن للواد و بدى الطْفل يعمر في الكسكاس
data/baraa_litama_2_part0011.mp3,و هو يقطر و الطفلة تغسل في الصوف ما تنقاتش وَلى
data/baraa_litama_2_part0012.mp3,الطْفَل يْغلق في الكَسِكاسِ بالطين باش يتعمرلو بالماء جاء ليه زاوش و قالو طري بالطينْ
data/baraa_litama_2_part0013.mp3,يَا مَسْكين نَاسَكْ رَحلوا و أنت في العين كي سمعو الزاوش يقوللهم هكذاْ فاقوا بلي
data/baraa_litama_2_part0014.mp3,كاين حاجة و رَواحوا للدَار مَرت باباهم قْبَل ما ترِحَل
data/baraa_litama_2_part0015.mp3,خَبْزَتلهم الكسرة و دارت فيها الرهْج و رَبطت الكلب في الرحى الطاحونة   هو يدور و
data/baraa_litama_2_part0016.mp3,المَطحنة دور معاه باه مايفيقوش لولاد بلي راحو و خلاوهم دخلو لولاد
data/baraa_litama_2_part0017.mp3,و لقاو الكسرة شد الطفل مورصو باه ياكل ماخلاتوش أُختو قالتلو مرت بابانا
data/baraa_litama_2_part0018.mp3,ماشي موالفة تخبزنها و ضُك راهم راحوا و خلاونا أستنى
data/baraa_litama_2_part0019.mp3,نفوتو نجربوها في الكلب رماو مورصو كسرة للكلب كي كلاها مات
data/baraa_litama_2_part0020.mp3,ولات مشات هي وخوها  مشاو مشاو مشاو مشاو مشاو وصلوا لعين البقر عْطش
data/baraa_litama_2_part0021.mp3,الطفل و قالها أُختي عطشت خليني نشرب من هاذيك العين قالتلو لالا
data/baraa_litama_2_part0022.mp3,يا خويا ماتشربش هاذي عين البقرة تعود تشرب و توليلي بقرة زاد مشاو مشاو مشاو
data/baraa_litama_2_part0023.mp3,وصْلو لعين الداب قالها أختي عْطَشِت نَشِرب قالتلو لالا يا خويا ماتشْربش تولي
data/baraa_litama_2_part0024.mp3,لي دابْ زادو مشاو مشاو مشاو لْقاو عين لحصان قالها أختي نشرب قالتلو لالا يا
data/baraa_litama_2_part0025.mp3,خويا ماتشربش تْعود توليلي حْصان  زادو مشاو مشاو مشاو لقاو عين لَغْزال قالها أختي
data/baraa_litama_2_part0026.mp3,نشرب قالتلو لالا تعود توليلي غْزال مسكين عطش بزاف خلاها مشات شوية
data/baraa_litama_2_part0027.mp3,و رْجع و شرب كي دارت لقاتو لْحَقْها غْزال قالتلو خْدَعَتْني يا خويا يا وليد اما و
data/baraa_litama_2_part0028.mp3,بويا قالها ماننْساكشْ يا خْتي حتى نموت راحوا لواحد لبلاصة هي طلعت للشَجرة و تبات
data/baraa_litama_2_part0029.mp3,و هو يبات تحت الشجرة تقعد هي في الشجرة و تمشط شعَرْها لواحد النهار جاء السُلطان يْشَرب
data/baraa_litama_2_part0030.mp3,لَحْصان تاعو  همالا لصقت شعرة طويلة في لسان لَحصان و ماحبش يشرب
data/baraa_litama_2_part0031.mp3,شاف السُلطان هاذاك لحصان لقى الشعرة دايرة على لسانو نحاهالو و قال مولات هاذي الش
data/baraa_litama_2_part0032.mp3,عرة ما تكون غير عدرة و راح قاس هاديك الشعرة على البنات كامل تاع الدشرة و مالقى
data/baraa_litama_2_part0033.mp3,حتى وحدة عندها شعر كيما هاديك الشعرة و لا رجع للعين
data/baraa_litama_2_part0034.mp3,شاف ظل الطفلة في الماء تاع الواد  طلع راسو لقاها فوق الشجرة قالها
data/baraa_litama_2_part0035.mp3,أَنْس ولا جنْ قالتلو أَنْس لا اله الا الله محمد رسول الله قالها اهبطي ما حبتْش راح و بعثلها
data/baraa_litama_2_part0036.mp3,لعجوز الستوت قالتلو أنا نقْدر نجيبهالك راحت الستوت تحت الشجرة و حطت تخبز
data/baraa_litama_2_part0037.mp3,في الكسرة على الطاجين و هو مقَلوب و جابت المعزة و تحلبها ف من قرونها و تَحْكَمها
data/baraa_litama_2_part0038.mp3,من ضرَعْها نَطْقت الطفلة و قالت لها ماشي هاكذاك قالتها الستوت أرواحي أخبزيلي مالا و أحلبيلي
data/baraa_litama_2_part0039.mp3,هبطت و خبزت لها و حلبتلها المعزة و لْغدوة من ذاك زادت رجعت الستوت و دارت نفس الخدمة و كي نزلت
data/baraa_litama_2_part0040.mp3,ربطتها حتى جاء السُلْطان همالا قالها نزَوج بيك قالتلو نقبل نَزوج بيك
data/baraa_litama_2_part0041.mp3,بَصح بْشَرط  مَا تاذيشْ خويا لَغْزال قالها شَرْطك مَقبول زَوجت بيه ولات عايشة في خيرْ بالخ
data/baraa_litama_2_part0042.mp3,ديمات في لَقْصَر يوم من لَيام جاء باباها يَطْلب طلت من التاقة عَرْفاتو قالت لل
data/baraa_litama_2_part0043.mp3,خدام قولولو يستنى حتى نخبزولو الكسرة خَبْزت الكسرة و دارت فيها الويز
data/baraa_litama_2_part0044.mp3,و بعثتهالو و قالتلو ما تَقْسَمهاشْ حتى تكون بين ولادك وصل للدار و حط الكسرة
data/baraa_litama_2_part0045.mp3,في الطابلة و قْسَمها طاح منها اللويز قالتْلو مرتو هاذي ماتكون غير بنتك لونجة
data/baraa_litama_2_part0046.mp3,غَدوة أدي خْتْها و رُوح لعندها كي داها فرحت بيها لونجة و قعدت هي و ختها
data/baraa_litama_2_part0047.mp3,يشمسو قدام البير خت لونجة طبعتها و طاحت لونجة في البير و كانت حامل بالتوام
data/baraa_litama_2_part0048.mp3,و راحت حَكْمت بلاصتها و كي جاء السلطان قالها واش بيك يا لونجة كْحَلْتي
data/baraa_litama_2_part0049.mp3,قالتلو من ماء بلادكم ،قالها وش بيها عينك عوارت قالتلو من كحل بلادكم قاللها
data/baraa_litama_2_part0050.mp3,وش بيه شعرك حراش قالتلو من زيتكم غَدوة من ذاك قالتلو أذبح لَغزال قالها كيفاه
data/baraa_litama_2_part0051.mp3,نَذبحو يخي تفاهمنا عليها قالتلو قلت لك أذبحوا سمع لغزال واش
data/baraa_litama_2_part0052.mp3,قالت العورة راح للبير و قعد يقول لونجة لونجة يا بنت ما
data/baraa_litama_2_part0053.mp3,لَمواسْ مضات و الطناجر غلات و خوك لَغْزال في المَمات قالتلو روح للسلطان و
data/baraa_litama_2_part0054.mp3,قولو يذبح بقرة و يشلحها و يملحها و يحطها على طرف البير راني ولدت و موسى على رُكبة و عيسى
data/baraa_litama_2_part0055.mp3,على رُكبة و لَحنش بو سَبْع روس يعس فينا سمعو الخُدام الهدرة هاذي
data/baraa_litama_2_part0056.mp3,و راحو قالو للسُلطان روح شوف لَغْزال واش يقول عند البير راح و طل يلقى لونجة مع لولاد ذبح
data/baraa_litama_2_part0057.mp3,البقرة و شلحها و ملحها خرج لحنش كلا اللحم و عطش راح يحوس على الماء جبدو لونجة
data/baraa_litama_2_part0058.mp3,هي و أولادها و حْكاتلهم كيفاه صرا هاذ الشي كامل حكم السلطان العورة ذبحها و نحالها راسها
data/baraa_litama_2_part0059.mp3,و طيبها و بعثها لماليها و دارو راس العورة في شكارة ْ و ركبوها فوق الدابْ
data/baraa_litama_2_part0060.mp3,باش يوصلو ليماها عرضت يماها الجيران باش ياكلو اللحم و تفرح و تقول سعدي ببنتي
data/baraa_litama_2_part0061.mp3,بعثتلي اللحم و الحمار يهدر و يقول ،تيس تيس راس العورة في التليس سمعاتو يماها
data/baraa_litama_2_part0062.mp3,و راحت للتليس و لقات راس بنتها عرفت باللي الشر اللي ديرو خلصاتو
data/baraa_wed3a_part0001.mp3,اهلا السلام عليكم اصدقاء مدونة التعليم بوخشم مريم
data/baraa_wed3a_part0002.mp3,اليوم مع قصة من تراثنا الجزائري الغني وهي قصة ودعة واخواتها السبعة
data/baraa_wed3a_part0003.mp3,قراءة ممتعة ودعة هاذي طفلة شابة بزاف و يتيمة
data/baraa_wed3a_part0004.mp3,توفى باباها و توفات أمها بعده خلاتها صغيرة عندها سبعة إخوة بخير
data/baraa_wed3a_part0005.mp3,عليهم بخيولهم و زوجاتهم و أولادهم و أراضيهم وهي صغيرة كانت امها تغنيلها أغنية
data/baraa_wed3a_part0006.mp3,عنها و عن أخوتها السبعة كي تمشطلها شعرها الطويل و الحريري تبقى تقول
data/baraa_wed3a_part0007.mp3,الكاس الكاس كوسوه خوتو سبعة وزوجوه خيولهم سبعة وكوسوه نساهم سبعة وكوسوه ونهار
data/baraa_wed3a_part0008.mp3,العيد زينوه بقات ودعة كل مرة تمشط شعرها تغنيها وكانوا خوتها للسبعة يدللوها
data/baraa_wed3a_part0009.mp3,و هي ممو عينهم وهاذ الشي اللي خلا نساهم يغيرو منها و يحقدو عليها وكل ما يزيد
data/baraa_wed3a_part0010.mp3,حب خاوتها ليها تزيد كراهية و حقد نساهم حتى جا النهار اللي تفاهمو فيه
data/baraa_wed3a_part0011.mp3,باش يخلو خاوتها يكرهوها و يتبراو منها راحو عند مدبرة
data/baraa_wed3a_part0012.mp3,سحارة و شريرة و حكاولها شا بغاو يديرو اعطاتهم تدبيرة شيطانية وشرطها
data/baraa_wed3a_part0013.mp3,كان لازم يديروها وقت ما الخاوة يكونو مسافرين من عادة خاوة
data/baraa_wed3a_part0014.mp3,ودعة كل مرة فالعام يروحو يصيدو و يبعدو ما يجوش بالأشهر وهي
data/baraa_wed3a_part0015.mp3,الفرصة اللي كانوا يستناو فيها نساهم باش يتخلصو منها امالا اجتمعوا و بداو
data/baraa_wed3a_part0016.mp3,ينفذو في تدبيرة المدبرة جابوا بيضة تاع لفعة وقالولها قالتلنا المدبرة
data/baraa_wed3a_part0017.mp3,بلي هاذ الخطرة خاوتك ما يرجعوش من الصيد سالمين هي خافت و بدات تبكي قالتلهم كيفاش
data/baraa_wed3a_part0018.mp3,قالولها كاين حل واحد وراهو عندك أنت اذا بغيتي خاوتك يرجعوا لديارهم و أولادهم
data/baraa_wed3a_part0019.mp3,لازم تصرطي هاذ الحبة تاع البيض كيما راهي بقات مترددة و هوما يقنعوا فيها
data/baraa_wed3a_part0020.mp3,من خوفها صرطتها بلعتها طوول كيما راهي فاتوا أيام وفقصت البيضة وخرج منها
data/baraa_wed3a_part0021.mp3,حنش في كرش ودعة المسكينة، بدات تمرض و تحس حاجة كل مرة توجع فيها في كرشها
data/baraa_wed3a_part0022.mp3,ورجعت تاكل و ما تشبعش ، و تستفرغ من الألم ، نقص وزنها و ذبالت و بانت كرشها كبيرة
data/baraa_wed3a_part0023.mp3,وبداو نسا خاوتها يسقسو فيها و يقولولها لوكان يشوفوك خاوتك يذبحوك وهي تبكي
data/baraa_wed3a_part0024.mp3,و تقوللهم انها بريئة و مادرت والو وطبعا باش يكملوا خطتهم
data/baraa_wed3a_part0025.mp3,دارو ارواحهم خايفين عليها قالولها احنا نتصرفوا بالصح لازم تساعفينا
data/baraa_wed3a_part0026.mp3,اداوها لواد العبيد غطسوها فيه ولات كحلة بعدما كانت بيضة كيما القمر و اداو
data/baraa_wed3a_part0027.mp3,معاهم خادمة عندهم غطسوها في واد الاحرار رجعت بيضة وبدلولهم حوايجهم
data/baraa_wed3a_part0028.mp3,وحطو ودعة في بلاصة الخدامة و الخدامة في بلاصة ودعة رجعو الخاوة من الصيد متوحشين أختهم
data/baraa_wed3a_part0029.mp3,ولكن صابوها متبدلة بزاف قالولهم نساهم بلي اختهم مرضت بزاف
data/baraa_wed3a_part0030.mp3,موراهم و تبكمت ماعادتش قادرة تهدر وطبعا هوما هددوا الخدامة
data/baraa_wed3a_part0031.mp3,بالقتل اذا حلت فمها جابولها خاوتها قاع الاطباء بلا فايدة و بقاو شاكين
data/baraa_wed3a_part0032.mp3,حسوا بلي كاينة حاجة بقاو يعسوا فيها حتى وحد النهار دخل خوها
data/baraa_wed3a_part0033.mp3,الصغير لبلاصة الخدم صابها و صاب كرشها لفمها من الخلعة و الزعاف ما انتبهش بلي
data/baraa_wed3a_part0034.mp3,اختو رجعت كحلة شدها من شعرها و عيط لخاوتو قاللهم شوفوا شا لقيت جن جنونهم و بغاو يقتلوها
data/baraa_wed3a_part0035.mp3,وهي تبكي و تقوللهم مادرت والو تدخلوا نساهم و قالولهم
data/baraa_wed3a_part0036.mp3,تستاهل تندفن حية باش ماتوليش حكايتهم على كل لسان و ينتشر السر و ينفضحو
data/baraa_wed3a_part0037.mp3,أداوها حفرولها حفرة و ردموها فيها و شعرها خرج تخلط مع الحشيش
data/baraa_wed3a_part0038.mp3,لانو طويل وهوما ردموها بالخف فات وقت صغير  وسمعت صوت حصان جاي  حبس الحصان و بقى ياكل فالحشيش
data/baraa_wed3a_part0039.mp3,نهش شعرها معاه زقات وقالتلو أي ضريتني ماكفاكمش اللي درتوه فيا
data/baraa_wed3a_part0040.mp3,انصدم الراجل و بغا يرجع ومن بعد خمم و نبش فالتراب قالتلو وذرك شا بغيتو مني
data/baraa_wed3a_part0041.mp3,حل عليها الراجل الحفرة و خرجها قاللها انت بنت الدنيا و لا الاخرة قالتلو أنا كنت بنت
data/baraa_wed3a_part0042.mp3,الدنيا و ذروك راني بنت الآخرة أداها الراجل لدارو وقالها عليك أمان الله
data/baraa_wed3a_part0043.mp3,انا صدقت أنك بريئة ورايح نشوف كرشك كي كبرت علاش بعدما ريحت و كلات و تحممت وبقات يامات و هي كل
data/baraa_wed3a_part0044.mp3,مرة تمشط شعرها تقول الكلام اللي علماتهلها أمها لكاس الكاس كوسوه خوتو سبعة وزوجوه
data/baraa_wed3a_part0045.mp3,خيولهم سبعة وكوسوه نساهم سبعة وكوسوه ونهار العيد زينوه والراجل ما علابالوش شكون هي
data/baraa_wed3a_part0046.mp3,خاوتها معروفين و ما بغاتش تشوه صورتهم و تهينهم قدام الناس وهو ما بغاش
data/baraa_wed3a_part0047.mp3,يضغط عليها بالصح كان كل مرة يسمع غنيتها بلا ماتعرف بلي سمعها بعد أيام
data/baraa_wed3a_part0048.mp3,سافر الراجل لحكيم و خلاها وصل عندو حكالو حكايتها قالو الحكيم لازم نشوفها
data/baraa_wed3a_part0049.mp3,جابو معاه وخبراتو بالحكاية مع نسا خاوتها الحكيم عرف بلي هذا تدبير شيطاني
data/baraa_wed3a_part0050.mp3,وعرف بلي البيضة تاع حنش و هو اللي راه يكبر في كرشها أمالا قال للراجل شوف لازم تذبح
data/baraa_wed3a_part0051.mp3,خروف و تشوي اللحم و تكثر فيه الملح بزاف و تعطيها تاكل حتى ما تقدرش بلا ما تشرب الما
data/baraa_wed3a_part0052.mp3,وكي تشبع مليح علقها من رجلها و دير تحت راسها باسينة تاع ماء
data/baraa_wed3a_part0053.mp3,الراجل دار قاع شا قالو الحكيم بقات ودعة معلقة من رجلها و بعد
data/baraa_wed3a_part0054.mp3,شوية ولات تعيط و تبكي حتى خرج من فمها حنش كبير اللي كان عطشان و شاف
data/baraa_wed3a_part0055.mp3,الماء طاح الحنش فالباسبينة قتلو الراجل وقاللها ذروك تحكيلي حكايتك
data/baraa_wed3a_part0056.mp3,انا سمعتك تقولي كلام كل مرة انت شكون و شاهي حكايتك بقات ودعة
data/baraa_wed3a_part0057.mp3,تبكي و تحكيلو قاللها شوفي عندي حل المشكل راح عند
data/baraa_wed3a_part0058.mp3,الحكيم جابو من جديد بعدما كملو الحكاية ودار الحنش اللي خرج
data/baraa_wed3a_part0059.mp3,من كرش ودعة في رزمة وراح جاب خاوتها قاللهم أختكم عندي و حكايتها تبكي بالصح
data/baraa_wed3a_part0060.mp3,ما تقولوش لنساكم راحو معاه خاوتها لقاو الحكيم و شافو الحنش و طلبوا السماح
data/baraa_wed3a_part0061.mp3,من أختهم العزيزة ودعة ووعدو نفوسهم باش اللي تسبب في هاذ الماساة يتعاقب
data/baraa_wed3a_part0062.mp3,اعطاهم الحكيم تدبيرة ورجعو لدارهم و معاهم ودعة بالصح خباوها باش ما يشوفوهاش نساهم
data/baraa_wed3a_part0063.mp3,حفروا حفرة كبيرة و شعلوا فيها النار وقالو لنساهم كل وحدة فيكم تنقز فوق الحفرة سبع مرات
data/baraa_wed3a_part0064.mp3,رفضوا فالاول بالصح قالولهم اللي ما تنفذتش معناها كذبت علينا و على ودعة و خلاتنا ندفنوها
data/baraa_wed3a_part0065.mp3,طبعا هوما ما علابالهمش و بدات كل وحدة باغية تبين بلي خاطيها فاتت امراة الكبير
data/baraa_wed3a_part0066.mp3,طاحت فالحفرة زادت اللي موراها و اللي موراها كيف كيف ستة منهم طاحوا فالحفرة مين جا دور امراة أصغر
data/baraa_wed3a_part0067.mp3,واحد فيهم قفزت سبعة مرات وماصرالها والو لانها ماكانتش معاهم في التدبيرة الشريرة وكانت
data/baraa_wed3a_part0068.mp3,تشوف و ما فاهماش على بيها يقول اللي حفر حفرة لخوه يطيح فيها ومن بعد
data/baraa_wed3a_part0069.mp3,ودعة اداوها خاوتها لواد الأحرار رجعت كيما كانت و غطسوا الخادمة في واد العبيد رجعت كيما كانت وعاقبوها اللي دست
data/baraa_wed3a_part0070.mp3,عليهم وتزوجت ودعة من الراجل اللي وقف معاها و سلكها و برأها هاذي هيا القصة
data/baraa_litama_1_part0001.mp3,قالك واحد الراجل يخدم فلاح و عندو بقرة مربيها ماتت مرتو خلاتلو
data/baraa_litama_1_part0002.mp3,طفلة و طفل و قبل ما تموت وصاتوا على البقرة و قالتلوا ماتبيعهاش خليها
data/baraa_litama_1_part0003.mp3,للولاد ،زوَج هاداك الراجل بعد ما ماتت مرتو و جاب مرا أًخرى ،هاذيك لمرا زادت
data/baraa_litama_1_part0004.mp3,جابت معاه طفلة أَمالا مرتْ باباهم ولات تغير منهم بزاف و ماتمدلهمش ياكلو
data/baraa_litama_1_part0005.mp3,و يشربوا عادو كي يجوعو مساكن يروحوا للبقرة و يشربوا منها و
data/baraa_litama_1_part0006.mp3,كانت هاديك البقرة عندها ضرع عسل و لآخر حليب يرضعوا لولاد حتى يشبعوا
data/baraa_litama_1_part0007.mp3,أمالا لولاد هادوك بقاو غير يكبروا و يَزْيانوا حارت مرت باباهم و قالت
data/baraa_litama_1_part0008.mp3,وَشْ ياكلو هاذو الذراري حتى جابو روحهم هكذا و بنتي نعطيها تاكل قلب الحبة ماكبرت
data/baraa_litama_1_part0009.mp3,ما سمانتْ  من اليوم نرجع َنْعسهم كي عستْهم لقاتهم يرضعوا من البقرة
data/baraa_litama_1_part0010.mp3,قالت لراجلها بيع البقرة قالها يا مرا كيفاه نبيع البقرة بقرة ليْ
data/baraa_litama_1_part0011.mp3,تامى ماتتباعش يا مخلوقة أنعلي الشيطان قالتلو قلتلك بيعها يعني بيعها
data/baraa_litama_1_part0012.mp3,الراجل مسكين صاب روحو بين نارين كي مَغلوب الشرَع دا البقرة للسوق و يع
data/baraa_litama_1_part0013.mp3,يطْ و يْقول يا اللي يْسَمعْكُم الخيرْ بالخيرْ بَقْرَة لَيْتامى اللي يشريها يعشي فالندامة
data/baraa_litama_1_part0014.mp3,يردوا عليه الناس و يقولو ماتتباعش ،يعاود يردها للدار مرة على مرة و الحال كي
data/baraa_litama_1_part0015.mp3,ما راه قالت لو مرتو أديها المرة هاذي تتباع قالها يا مرا البقرة تاع ليتامى ماتتباعش
data/baraa_litama_1_part0016.mp3,قالتلو قلت لك المرة هاذي تتباع دا البقرة و مشى للسوق هو خْرَج منا
data/baraa_litama_1_part0017.mp3,و هي لبست برنوس و دارت عمامة كيما الرجال و مشات للسوق كي عيط و قال يا ما
data/baraa_litama_1_part0018.mp3,لين الدلالة بقرة ليتامى تتباع ولا لالا نطْقَت هي بصيفَتْ راجَل و قالت
data/baraa_litama_1_part0019.mp3,بيع تَرْبَحْ راح الراجل للجزار و دا البقرة باعهالو و قالو عندي شَرط وا
data/baraa_litama_1_part0020.mp3,حد خليلي الضرع تاع البقرة للذراري أعطاه هاذاك الضرع و داه الراجل
data/baraa_litama_1_part0021.mp3,و راح حطو في قبر مرتو يمات ليتامى و كي رجع للدار قالهم كي تجوعوا
data/baraa_litama_1_part0022.mp3,روحوا لقْبَر يماكم راني خليتلكم ضرَع البقرة عادو الذراري كلما يجوعوا
data/baraa_litama_1_part0023.mp3,يروحوا
data/manel_part_52.mp3,كان راجل حطّاب فقير علي ڨد حالو كل ما يهز ساق تغرق الاخرى، كل يوم عندو حشاكم حمار يطلع عليه ويروح  للغابة
data/manel_part_53.mp3,يقطع الحطب ويرجع يبيعو في السوق وذيك  البلاصة  اللي يروح ليها  باش  يحطب  فيها ياسر خوانة وقطاع الطريق
data/manel_part_54.mp3,وفي يوم من الايام وذاك  المسكين  يڨص في الحطب والحمار تاعو نفحتلو قعد ينهق ينهق   وماحبش يحبس
data/manel_part_55.mp3,حتان سمعوه الخوانة  سمعو الصوت نتاع  النهيق تبعوا الحسّ وصلو للبلاصة  اللي فيها  الحطاب مسكين  دارو بيه مالجوايه  قاع
data/manel_part_56.mp3,وفكّولو الحمار و الحطب الحطّاب جرى و هرب منهم المهم يسلك راسو قعد يجري حتى لحڨ  للمدينة
data/manel_part_57.mp3,وهو حاير ويخمم وش يدير صحيبو لي كان تاكل عليه يجيب بيه الرزق خونوه ومعندوش علاه يجيب الحطب
data/manel_part_58.mp3,ولا عندو  باه يشري واحد اخر اومبعد خمم وڨال نروح للسوڨ بلاك نلقى واحد رخيس على حساب صويرداتي  نخدم  عليه وربي يعوضني خير
data/manel_part_59.mp3,لكن الحمار اللي يحط عليه إيدو  يلقاه غالي نار ماايأسش  وقعد يدور في السوق ويساوم
data/manel_part_60.mp3,قد مادار مالقاش حمار على قد دراهمو  حتان قريب يسكّر السوق والبيّاعة بداو  يروّحو
data/manel_part_61.mp3,تلفت يلقى راجل فقير محتاج أكثر منه  واقف وقدامو حمار مالڨاش شكون يشريه منه.راح ليه قالو الحطّاب
data/manel_part_62.mp3,وش  ما لقيتش الي  يشري عليك هذا الحمير  قالو البيّاع  ذالحمير أطرش وبكوش واحد ما ساومني فيه ولا حب يشريه  وأنا لازم نبيعو  محتاج
data/manel_part_63.mp3,قاله الحطّاب عندي ذالدريهمات تديهم عليا وتبيعلي الحمير فرح البيّاع وقالو  بالربح .مبارك عليك.عطاه الدراهم  وهز الحمار وراح
data/manel_part_64.mp3,لاقاتو مرتو  يا راجل وينك خير طولت اليوم حيرتني عليك قالها يا مرا راهو صارلي وصارلي وحكالها حكاية الخوانةوالحمار لي سرقوه
data/manel_part_65.mp3,قاللها بصح  ذالحمار يا مرا راح  يكون سبة سعدنا قالتلو مرتو حمار أطرش وبكوش كيفاش يكون سبة  سعدنا
data/manel_part_67.mp3,مرتو نوحت نوحت علي اياماتها وغطات راسها ورقدت  و الحطّاب قال لازم نعلّم الحمار لقطات باه يولي  يفهمني وياخذ رايي
data/manel_part_68.mp3,وقعد أيام وأيام وهو يعلّم فيه كيفاش يقدّم وكيفاش يوقف ويحفظ فيه في الطريق كيفاش يروح وحدو  للحوش
data/manel_part_69.mp3,وبعد ايامات سي الحطّاب ولّا يمشي للغابة يقص في الحطب ولا من يسمع بيه ولا من يعرف انه موجود والرزق تحرك في ايدو
data/manel_part_70.mp3,وفي يوم من الايامات  سي الحطّاب نسى ما ربطش الحمار  ياخي مشى سرح من مكان لمكان  بين الشجر في الغابة وخرج من الغابة
data/manel_part_71.mp3,ودخل للمدينة حتان لحڨ للقصر تاع  السلطان دخل للجنان تاع القصر وبدا ياكل في الوريدات والعشيبات والشجر
data/manel_part_72.mp3,فاقو بيه الخدّم وتلمو  عليه وهما ينشو فيه اخرج اخرج برا  الحمار مافهمش ما خرج من الجنان ما فهمهم وش يحوسو
data/manel_part_73.mp3,السلطان خرج وجهو احمر و  القش باين في عينيه  قال للحرس جيبولي مولاه  وتقتلوهم في زوج  الحمار ومولاه
data/manel_part_74.mp3,ومكان حتى واحد يعرف مولاه وكيما تعرفو في العادة الحمار يخلوه يروح يمشي وحدو  يعرف الطريق ويروح لدار مولاه وحده
data/manel_part_75.mp3,شدوه ضربوه زعمة باه يروح لمولاه ويعرفوه  والحمار والو محبش يتحرك ولا يمشي السلطان من الزعاف قال أقتلوه وعلقولي راسو في ساحة السوق
data/manel_part_76.mp3,قالو  الوزير  يا سيدنا لالا  راهو حمار مايفهمش وكي نقتلوه كيفاه نعرفو مولاه
data/manel_part_77.mp3,قال السلطان امالة نحب تعلموه كيفاه  يحترم السلاطين جيبولي شكون يقدر يعلمو كيفاه  يحترم السلاطين
data/manel_part_78.mp3,من الصباح البرّاحة تدور في  المدينة  وتعيط للناس شكون يقدر يعلم الحمار   كيفاش يحترم السلاطين شكون  يقدر  يعلّم الحمار كيف يحترم السلاطين
data/manel_part_79.mp3,فتتكم بالحديث نرجعو  لسي الحطّاب بعد ما كمّل قصّان الحطب جاء باش يحطهم فوق الحمار  مالڨاهش  مربوط في بلاصتو  مسكين روّح بالحطب على كتافه للحوش
data/manel_part_80.mp3,لاقاتو مرته  يا سعدي بيك تقول الحمار راح يكون سبة سعدنا ياطياح سعدنا  هاراك جيت وهاز حملك وحمل الحمار فوق كتافك
data/manel_part_81.mp3,نرجعو للبرّاحة في البلاد يدورو ويعيطو اللي يقدر يعلم الحمار طاعة السلاطين سي الحطّاب سمع الصياح قال خلي نطلع  نشوف الحكاية ذي
data/manel_part_82.mp3,لقى ياسر ناس دايرين بذاك الحمير  إررر أششش حاشاكم اك الحمار لا تحرك ولا ناض  الحطّاب كي شافو عرفو  اللي الحمار تاعو ودار  روحو ماعرفوش.
data/manel_part_83.mp3,وراح وقال للسلطان  يا سيدي السلطان أنا نقدر نهدر مع الحمير  ونفهمهم ويفهموني ونقدر نعلمو كيفاش  يحترم سيدنا السلطان
data/manel_part_84.mp3,الناس قعدو فاتحين  فوامهم و يسمعو وحايرين قلو السلطان وريني ترا  كيفاش تقدر تهدر معاه
data/manel_part_85.mp3,الحطّاب متاكد من روحو و مش خايف الحمار تاعو  وكي ماقلنا كي شراه قعد أيامات إيعلم فيه كيفاش يقدم وكيفاه يوخر وعلمو كيفاه يفهم حركات ايديه.
data/manel_part_86.mp3,قرب الحطّاب من الحمير وقعد يحرك في يديه  دارلو هاك و الحمير تبعو  و زاد رفد ايدو  لفوق و الحمير وقف علي رجليه
data/manel_part_87.mp3,الناس تتفرج و السلطان والوزراء والحاشية  كلهم حايرين  ويشوفو في عجب ربّي
data/manel_part_88.mp3,قلو السلطان  يعطك الصحة لكن يحبلو وقت باش ذا لحمير يتعلم علي طاعة وإحترام السلاطين  قال الحطّاب  يا سيدي لحمير يلزمو أقل شيء عشرة سنين باش يتعلّم إحترام السلاطين
data/manel_part_89.mp3,قال السلطان  أيه لكن كيفاه نعرفو إنو  تعلّم وولّى يحترم السلاطين
data/manel_part_90.mp3,قال الحطّاب  يا سيدي الحمار لما  إينهق معناها رواهو  إتعلّم يحترمك ولازم يقعد في زريبة  القصر باه يوالف علي حياة القصور وكل يوم يدير دورة قدام  البحر
data/manel_part_91.mp3,اومبعد  السلطان عطى للحطّاب جناح في القصر وعطاه دراهم راح لمرتو  قاللها يا مرا مش قتلك راو ذا لحمير راح  يكون سبب سعدنا
data/manel_part_92.mp3,قالتلو يا راجل كيفاه سبب سعدنا في إيدك عشرة سنين باش ينهق وهو بكوش واطرش و السلطان وقتها يقطعلك  راسك
data/manel_part_93.mp3,قالها  موت ياحمار  منا لعشرة سنين يانموت انا يا يموت السلطان يا يموت الحمار وانا نعيش في العز لذاك الوقت
data/manel_part_31.mp3,راكي فداركم طحتي تصرعتي و مانك كي ما عرفتش وش ديرلك عيطتلي مزية لي عيطتلي انا منال كون غير ماشاقاتكش ما تعاوديهاش منال نتي مرتي كي مانشقاش علاجالك مالا علا شكون نشقا تقعدت و قتلو كاشما قلت لماني ؟ اه وي قتلها حسبتلي علابالها حتى شوكاتني كي بدات تبكي تبكي ؟ بكات عليا ؟ وي بيان سوور ماشي مليح تخبي عليها بش تعرف تعسك و تتهلا فيك ما نسحقهاش تتهلا فيا
data/manel_part_29.mp3,دخلت يماها تجري وتبكي حسبتلها بنتها ماتت كنت انا عاطيتها بالظهر كي سمعتها تهدر حسيت واحد خبطني بلوحة لوجه  هذا الصوت نعرفو درت و نلقاها لپروف لي قاراتني فالبريمار لي قاتلي نتي كي تكبري تولي مجرمة علاجال الارنب الدنيا شحال صغيرة راني حاسة الدنيا كي الساعة دووور الدوور و تولي الصفر
data/manel_part_32.mp3,منال حبيت نهدر معاك فحاجة علابالي ما تعجبكش مي اذا تحبيني اسمعيلي اهدر بون كاينة عملية استئصال هذا الورم  تعتبر افضل علاج لهذ المرض تمدلك فرصة كبيرة بش تزيدي تعيشي كثر و فنفس الوقت انا نكرس حياتي بش نحوس دوا ولا علاج المرضك بش نصيبو و نداويك قبل ما يعاود يوليلك المرض وش رايك بصح انا مانيش حاباتك ضيع حياتك معايا حبيت نعيش 4 شهور لي بقاولي معاك و نخليك تعيش حياتك
data/manel_part_30.mp3,الله يبارك  ملي كنتي صغيرة ذكية و عاقلة باينة كي تكبري تولي حاجة وي قلتيلي صح بصح نتي قتيلي تولي مجرمة يالخرية بصح ما علاباليش شكون المجرم الام لي ما تعسش ولادها ويصر الهم هكا و لا طفلة صغيرة فلبريمار قتلولها الارنب ديالها خليتها مع يوسف ورحت نشوف العملية جاز النهار و وصلني عبد الوهاب لدار كي رجعت لدار حسيت روحي مشي مليحة قاع مع بقيت نتقيا حاشاكم
data/manel_part_28.mp3,جوزت النهار فالسبسطار مالقري كامل قالولي حبسي الخدمة انا تفاهمت مع المدير بلي كون نعاود نعطل عمل تع الاطباء نحبس مي مدلي فرصة بش نعيش اخر ايامي فالحاجة لي نحبها  ومع العيباد لي نحبهم كنت نخدم فالاستعجالات دخلت طفلة صغيرة دخلتلها حديدة كبيرة فكرشها درتلها انا الاسعافات الاولية و عبد الوهاب وفؤاد هوما لي حايديرولها عملية  بقيت معاها حتى وجدت غرفة العمليات
data/manel_part_34.mp3,عيش حياتك وداوي الناس و كمل ابحث عالعلاج لهذ المرض ياك؟ اذا قبلت تواعدني هكا نقبل بالعملية ما تقوليليش نموت منال الله يسترك نوعدك وش رايك غدوة نبدا نوجدو للعملية نديروها فاقرب وقت ويبي ان شاء الله راح فليل نضت بش نروح لتوالات سمعت ماني فبيتها تهدر وتبكي رحت للباب حسبتلي كشما بيها كانت تهدر فتلفون و تبكي
data/manel_part_35.mp3,جازو اليامات تع السمانة عادي مع السبيطار جوزت لیزانالیز و كامل الفحوصات بش نجوز عملية مدولي رونديفو السمانة الجاية بالخميس كنت راجعة لدار مع عبد الوهاب شفت الطريق مبدلا وين رانا رايحين  اون فان فقتي دك تشوفي داني لواحد الصالة على شط البحر قالي  اطلعي معايا علاه جبتني لصالة عندك عرس  كي تطلعي تفهمي
data/manel_part_36.mp3,عندي شحال ما شفتوش يضحك ملي عرف مرضي مازادش قع تبسم هذي اول مرة انا و نتيا علابالي بلخف مي تفاهمت مع مانك و قبلت قاتلي ايه معليش و الدار راهي واجدة يما و بابابالسبت يروحو قبالة للخارج عندهم خدمة و يطولو مايولوش يعني غدوة اخر فرصة لينا  بصح ما وجدت والو منال تبانلك رانا فتع توجدي  ما عرفتش وش نقولك و الناس عرضتهم
data/manel_part_33.mp3,مي كلما نزید نطول قدما نزيد نخسر لك حياتك حبيت نكون انانية لمدة قصيرة منال والله ما نقدر نعيش حياة ونتي مكيش فيها صدقيني بربي غير انا لي راني اناني نطلب منك تصبري عالالم لي راه فيك حتى نصيبلك العلاج  معليش نصبر علاجالك مي بشرط  كون تلحق المدة و ما تلقاليش دوايا ولا ما يفيدش فيا العلاج و نموت بالاك كشما دير فعمرك
data/manel_part_37.mp3,عندي سمانة و انا نوجد بلا ما فقتي و تفاهمت مع هانية هي تصدركياك ما قتلها والو على مرضي لالا ما قتلها والو مزية قبلت بلعرس غدوة مالقري مانيش موجدة بسكو سمانة لجاية كي ندير العملية على راسي ينحولي شعري كامل راني حابة نتصدر بيه رحنا لدار دخلت سمعت الهراج رحت لصالون لقيت خالاتي كامل تما منال جیتی ارواحی ریحی معانا نروح نحي حوايجي و نجي
data/manel_part_23.mp3,قاطعتنا يمات الطفل مع باباه دخلو بالماكلة والحوايج هدرت معاهم على حالتو و علاه لازم نشدوه و خرجنا باه يريحو براحتهم جات لينا فرملية قاتلنا بلي يخصو شوية اطباء فقسم الاستعجالات روحو تعاونو و تنظمو الحالة حا تخرج عالسيطرة جريت مع الاء لتما لقيت غاشي كحل و كامل مقلقين و يحوسو طبيب المشكل مكاش النظام كامل اول حاجة لازم نشوف كل واحد على حساب خطورتو
data/manel_part_26.mp3,طلعت للبيرو تاعو  شفتو الداخل مع هذيك الطبيبة كاميليا و طبيب يبان قدو فالعمر كانو يهدرو  غير شافني قالي مادموزال عبد الكريم ادخلي !دخلت وقفت قدامو وهو مريح فالكورسي تاعو و كاميليا و الطبيب لوخر كانو يغزرو فيا قتلو  دكتور ! حبيت ندير ليزاناليز للطفل لي خليتو تحت رعايتي بصح الاء بعثت ليزاناليز وحد وخرين باش يعاودوهم
data/manel_part_27.mp3,مالقيت ماندیر مشيت للطونوبيل حل الباب تاع القدام طلعت وسكت هذي اول مرة فحياتي نركب مع واحد م l'avant غلقلي الباب وطلع هو تان ديمارا انا دورت وجهي للتاقة و ريحت نغزر برا مشينا شوية ايري قالي  منال راكي زعفانة عليا ؟ما جاوبتوش حبس الطونوبيل على غفلة a coté حتى قفزت من بلاصتي غزرت فيه مشوكيا
data/manel_part_21.mp3,خرجت من تما و رحت لاصانصور دخلت باش نعاود نحبط لقيت الاء كانت تفسر نورمال كي العادة تهدر تهدر حكاتلي واش صرالها بالتفصيل مزية تحلت لاصانصور بسكو خلصتنا كامل النفس لي لداخل قريب تخنقنا علاجالها و زدت ليكيديتها قتلها دكتور عبد الوهاب كان يحوس عليك راحت نجري هكذا نتاكد بلي تخطيني جیت خارجة حتى يزدم فيا راجل يبان فالثلاثينات كان صفر كي حبة قارص
data/manel_part_25.mp3,رميتو فالثقيل وروحت باه نرفد الاء حتى تلاح عليا طبعني طحت على واحد الطابلة جرحت جبهتي نضت نجري و عطيتو بدبزة فور للكرش خرج الرغاوي حكمني من يدي فور حاب يضربني رفدتو وخبطتو على الارض كتفتوا على الارض و طلعتلو اليد تاع التريكو صبتو معمر جرحات تاع التشكك حتى نشوف دكتور عبد الوهاب و يوسف جاو يجرو تان
data/manel_part_22.mp3,السيد تشوكا غزر فيا مليييح انا قلبي بدا يخبط خفت حسيتو زعف قلت سووور دوك نتحاوز مالقري كنت حابة نتحاوز بصح كي لبارح قدرت نعاون هذيك الطفلة وسمعتو يهدر عليا هكاك موقبيل حسيت روحي حابة نكون هذ الإنسانة لي راهم يشوفوها فيا بصح راني خسرت كلش دنا ليا قلبي تزير كثر حكمني من نيفي و بدا يخلخل فيا و يضحك
data/manel_part_18.mp3,كامل كانو فحالة هلع ويجرو لتم زدت درت القلب جيت رايحة نجري لواحد الطفلة ماكانتش طايحة بصح يدها كانت مفحمة حتى جات الطبيبة لي دار مع دكتور عبد الوهاب قاتلي روحي لدكتور عبد الوهاب يسحقك و انا دوك نستكلف بهذيك الطفلة رحت نجري نحوس عليه فصالة الاستعجالات كان الغاشي دوود مام العائلات تاع الجرحى زدمو و بداو يعيطو و كل واحد يحوس على و المريض لي يعرفو كانت فوضى كبيرة
data/manel_part_24.mp3,غير رفدت لي بون زدمو عليا كامل يعيطولي باه نجوزهم طبعتهم و مشيت لازم نشد روحي لقيت مرا كرشها توجع قاتلي كلات شيكولا قديمة مديتلها جيطو مستعجل و زدت مشيت لقيت وحد الراجل محروق ساح عليه الماء سخون مديتلو تان جيطو مستعجل جا ليا شيخ يدو مفعوصة مديتلو جيطو تاع حالة عادية وهي رايحة بقيت نظم فيهم هكا و الاء تان كانت تعاون فيا
data/manel_part_17.mp3,كي يكونو يطلعو فيه كان يتفس بشكل غير منتظم على هذاك قطعت التريكو تاعو و بديت نفحص صدرو شفت بلي الحديدة فبلاصة عيانة راهي تضغط على الرئة علابيها راه هكا عيطت لرجال لي يخدمو تم باش يطلعوه لغرفة العمليات بسكو هذا الطفل محال يزيد فوق نص ساعة و زدت عيطت للفارملية و مديتلها كيفاه تحبسلو الدم النزيف ما بيدما يوصل لغرفة العمليات
data/manel_part_20.mp3,درت من جيهة الصوت لقيتو حاكم طفلة صغيرة عندها واحد تسع سنين كان يهدر معاها ويطمن فيها بسكو كانت خايفة وتحوس على يماها قالي  قوليلي واش اول حاجة لازم ديريها للمصاب باش تتاكدي بلي راه مليح ؟ عيطلي ليا برك بسكو موقبيل سور كان يعس فينا كيفاه نتعاملو مع هذاك الضغط و كي شافني يبست هكاك فبلاصتي راه حاب يزيد يسييني قبل ما يعاقبني ولا يحاوزني
data/manel_part_07.mp3,منطوية معقدة متكبرة حاسبة روحها هذا واش يسموني الناس حتى في شي اوقات ننسا بلي عندي اسم خاص بيا المهم معاكم منال في عمري 24 سنة نقرا في جامعة الطب هذا عامي اللخر انا رابحة عوام و حمد لله مكلاصيا الاولى في سيكسيون تاعي الاساتذة كامل يحبوني و بزاف يشكروني على قرايتي بسكو حطيت راسي و وصلت لمستوى مشاء الله  بون انا طفلة عادية بزاف خاطيني المخالطة
data/manel_part_16.mp3,انا تم رجعت لعقلي و عاودت غزرت فالجرحى دوكا اول حاجة لازم نعرف كل واحد نسبة الخطورة تاع اصابتو جريت لواحد الطفل يبان يقرا فالليسي عندو يد باينة مكسرة و حديدة نصها داخل لكرشوا كان شبه فاقد الوعي اول حاجة بديت نتاكد بلي مجرى التنفس تاعو راه مليح و راه قادر يتفس بلا ما نحرك حتى حاجة فيه جابتلي فارمليا سنادات العنق  درتهملو باش ما يتحركش راسوا
data/manel_part_13.mp3,سمعت صوت الرافاي نضت نجري لقيتها 6 نسيت باه نعاود نريقليه بسكو السبيطار بعيد پاراپور للجامعة لازملي وقت معليه نضت نجري وجدت روحي بالزرب صليت .وخرجت نجريي ركبت الكار كي وصلت حبطت وبديت نمشي بالزرب سمعت واحد يعيط منال مادرتش ليه بسكو سور ماشي انا شكون حايعيطلي مثلا راني نمشي بالخف حتى نحس واحد شدلي الساكودو و رجعني للور
data/manel_part_14.mp3,ما فهمت والو المهم دخلنا لقينا السبيطار معممر بالغاشي روحنا لبسنا طابليات حتى دخلت الاء تجري و بدات تهدر تهدر تهدر وتحكي واش صرالها بالتفصيل الممل و يوسف يتجاوب معاها  كي لبست خرجت تجري  واقيل مريضة تهدر الف كلمة فأقل من دقيقة وتكمل كيلي ماصرا والو  كون انا لازم نمسد فمي بالزيت قبايل باش ما يوجعنيش روحنا للبيرو تاع الدكتور عبد الوهاب
data/manel_part_15.mp3,ها و بدا الصح بداو يلحقو بزاف طونوبيلات تاع الاومبيلونس ويحبطو فالجرحى قلبي راه يخبط فووور وحاجة سخونة تحبط لكرشي وشنو هذااا كنت حابسة فبلاصتي كامل كانو يجاراااو  غير انا رجليا راهم يا بسين وشنو هذا دراري صغار نسا رجال مايخلاصوش كامل يعيطو حتى نسمع عيطة خلاتني نقفز
data/manel_part_10.mp3,خطرة عطيتلو الماكلة كي العادة و خرجت وكوم كانت تصب الشتاء وصلتني يمات احلام بالطونوبيل غدوة مينداك كي رحت للبريمار كانت الاستاذة بزاف زعفانة عليا ما فهمت والو اپري حبطتني لغرفة العقاب هذ الغرفة بزاف تخوف يغلقو عليك وحدك تم ربعة سوايع و يقولو فيها الفيران كنت نخافها بزاف كي دخلتني قاتلي نتي تكبري تولي مجرمة هكاك ديري للحيوان ! شكون رباك هكا كيفاش حتى قتلتيه هكاك نتي قتلتيه
data/manel_part_09.mp3,فالبريمار كانو لبنات كامل يجو والديهم يدوهم و انا كانو يضحكو عليا كي نروح وحدي ماعدا وحدة كانت صحبتي وسمها احلام كانت تفسر معايا نورمال ماشي كيما لبنات لوخرين وحد الخطرة قاتلنا الشيخة جيبوا ارانب تحطوهم فالحديقة تاع البريمار كل واحد الارنب تاعو لازم يتهلا فيه انا بسيف باش شراتلي ماني واحد كنت نجوز معاه بزاف الوقت و كانت الاستاذة بزاف تشكرني كي نتهلا فيه هكاك و كانو بزاف يغيرو مني لبنات لي تما
data/manel_part_08.mp3,منعرفش واش معناها الصداقة ولا حتى الحب كي كنت صغيرة كنت نسمع بلي الطفولة هي عالم الاحلام و الخيال  انا ماعشت حتى حاجة هكاك بسكو ما عشتش فوسط عائلة تحبني بابا عاود الزواج على ماما كي ولدتني و هي هربت و خلاتني نتلاوح عند فاميلتها ماني وخالتي حميدة هي الصغيرة فخالاتي غير كيما تزوجت رباوني و كبروني صح ما حسيتش بالحنانة و علاقتي معاهم ماشي مليحة بزاف بصح ما ننكرش بلي دارو فيا مزية
data/manel_part_11.mp3,malgré من هذاك الوقت ديسيدیت مانزیدش ندیر صحابات و نریح وحدي خرمن نهدر مع ناس يكذبو و يستغناو عليك على اتفه الاسباب جوزت السيام والليسي نورمال جابدة روحي ما نهدر مع حتى واحد  كنت نسمعهم يهدرو عليا بلي متكبرة حاسبة روحها مي واحد ما يهدر في وجهي بسكو انا كنت ندير الجيدو من صغري لي يدنا ليا نخسر لو وجهو حتى فالجامعة كنت لاتية غير بالقراية لدرجة كلاصيت لولة من بروميار حتى لهاذ العام
data/manel_part_12.mp3,les tests قالنا لبروفيسور تاعنا بلي صححلنا  لي درناهم و حا يشوف شكون ال 3 الاوائل وهوما لي حا يكونو تلاميذ تاع هذ الدكتور عبد الوهاب و حا يكون عندهم حضور يومي فالمستشفى معاه يعني نشوفوه على المباشر كيش يخدم و نتعلمو وهذ العفسة فبلاصت السطاج  جابوها من الخارج واول مرة حايطبقوها عندنا بسكو هذ الدكتور هو لي اقترحها لاول مرة فحياتي تمنيت مانكونش من الاوائل بسكو مانيش حابة نولي نروح لسبيطار مزال مانيش واجدة